antecedents,consequents,antecedent support,consequent support,support,confidence,lift,leverage,conviction,zhangs_metric
"frozenset({'Oxford Cloth', 'Denim'})",frozenset({'Cropped'}),0.038267875,0.124874119,0.010070493,0.263157895,2.107385399,0.005291826,1.187670839,0.546387435
frozenset({'Cropped'}),"frozenset({'Oxford Cloth', 'Denim'})",0.124874119,0.038267875,0.010070493,0.080645161,2.107385399,0.005291826,1.046094592,0.600460299
"frozenset({'Cropped', 'Denim'})",frozenset({'Oxford Cloth'}),0.038267875,0.136958711,0.010070493,0.263157895,1.921439628,0.004829375,1.171270321,0.498638743
frozenset({'Oxford Cloth'}),"frozenset({'Cropped', 'Denim'})",0.136958711,0.038267875,0.010070493,0.073529412,1.921439628,0.004829375,1.038060071,0.555659277
"frozenset({'Cropped', 'Oxford Cloth'})",frozenset({'Denim'}),0.022155086,0.238670695,0.010070493,0.454545455,1.904487917,0.004782724,1.395770393,0.485684861
frozenset({'Denim'}),"frozenset({'Cropped', 'Oxford Cloth'})",0.238670695,0.022155086,0.010070493,0.042194093,1.904487917,0.004782724,1.020921783,0.623809524
frozenset({'Mandarin Collar'}),frozenset({'Cords'}),0.116817724,0.119838872,0.025176234,0.215517241,1.798391771,0.011176929,1.121963636,0.502668187
frozenset({'Cords'}),frozenset({'Mandarin Collar'}),0.119838872,0.116817724,0.025176234,0.210084034,1.798391771,0.011176929,1.118071179,0.504393593
frozenset({'Wool'}),frozenset({'Puffer'}),0.118831823,0.130916415,0.025176234,0.211864407,1.618318123,0.009619197,1.102708205,0.4336
frozenset({'Puffer'}),frozenset({'Wool'}),0.130916415,0.118831823,0.025176234,0.192307692,1.618318123,0.009619197,1.090970124,0.4396292
frozenset({'Linen'}),frozenset({'Bomber'}),0.121852971,0.145015106,0.028197382,0.231404959,1.595730028,0.01052686,1.112399701,0.425131062
frozenset({'Bomber'}),frozenset({'Linen'}),0.145015106,0.121852971,0.028197382,0.194444444,1.595730028,0.01052686,1.090113553,0.436648157
frozenset({'Tracksuit Bottoms'}),frozenset({'High-Waisted'}),0.12286002,0.130916415,0.025176234,0.204918033,1.565258512,0.00909184,1.0930742,0.411710677
frozenset({'High-Waisted'}),frozenset({'Tracksuit Bottoms'}),0.130916415,0.12286002,0.025176234,0.192307692,1.565258512,0.00909184,1.085982832,0.415527231
frozenset({'Chinos'}),frozenset({'Cargo Pants'}),0.123867069,0.128902316,0.024169184,0.195121951,1.513719512,0.008202432,1.08227288,0.387356322
frozenset({'Cargo Pants'}),frozenset({'Chinos'}),0.128902316,0.123867069,0.024169184,0.1875,1.513719512,0.008202432,1.078317453,0.389595376
frozenset({'Windbreaker'}),frozenset({'Casual Slim Fit'}),0.133937563,0.148036254,0.029204431,0.218045113,1.472916986,0.009376816,1.08953056,0.370729751
frozenset({'Casual Slim Fit'}),frozenset({'Windbreaker'}),0.148036254,0.133937563,0.029204431,0.197278912,1.472916986,0.009376816,1.07890829,0.376864759
frozenset({'Leather'}),frozenset({'Pullover'}),0.121852971,0.134944612,0.024169184,0.198347107,1.469840878,0.007725782,1.07908971,0.364009939
frozenset({'Pullover'}),frozenset({'Leather'}),0.134944612,0.121852971,0.024169184,0.179104478,1.469840878,0.007725782,1.069742745,0.36951882
frozenset({'Cords'}),frozenset({'Parka'}),0.119838872,0.125881168,0.022155086,0.18487395,1.468638655,0.007069628,1.072372587,0.362544206
frozenset({'Parka'}),frozenset({'Cords'}),0.125881168,0.119838872,0.022155086,0.176,1.468638655,0.007069628,1.068156709,0.365050272
frozenset({'Camp Collared'}),frozenset({'Slim-Fit'}),0.136958711,0.146022155,0.029204431,0.213235294,1.460294118,0.009205425,1.085429784,0.365227538
frozenset({'Slim-Fit'}),frozenset({'Camp Collared'}),0.146022155,0.136958711,0.029204431,0.2,1.460294118,0.009205425,1.078801611,0.369103774
frozenset({'Coach'}),frozenset({'Shearling'}),0.128902316,0.139979859,0.026183283,0.203125,1.451101619,0.008139555,1.079240961,0.35686972
frozenset({'Shearling'}),frozenset({'Coach'}),0.139979859,0.128902316,0.026183283,0.18705036,1.451101619,0.008139555,1.071527239,0.361466402
frozenset({'Mandarin Collar'}),frozenset({'Parka'}),0.116817724,0.125881168,0.021148036,0.181034483,1.438137931,0.006442885,1.0673451,0.344953033
frozenset({'Parka'}),frozenset({'Mandarin Collar'}),0.125881168,0.116817724,0.021148036,0.168,1.438137931,0.006442885,1.061517159,0.348529734
frozenset({'Flannel'}),frozenset({'Shearling'}),0.135951662,0.139979859,0.027190332,0.2,1.428776978,0.008159838,1.075025176,0.347319347
frozenset({'Shearling'}),frozenset({'Flannel'}),0.139979859,0.135951662,0.027190332,0.194244604,1.428776978,0.008159838,1.072345706,0.348946136
frozenset({'Cropped'}),frozenset({'Cardigan'}),0.124874119,0.129909366,0.023162135,0.185483871,1.427794449,0.006939817,1.068230086,0.342372542
frozenset({'Cardigan'}),frozenset({'Cropped'}),0.129909366,0.124874119,0.023162135,0.178294574,1.427794449,0.006939817,1.065011686,0.344353865
frozenset({'Linen'}),frozenset({'Slim-Fit'}),0.121852971,0.146022155,0.025176234,0.20661157,1.414933029,0.007383,1.076367909,0.333944954
frozenset({'Slim-Fit'}),frozenset({'Linen'}),0.146022155,0.121852971,0.025176234,0.172413793,1.414933029,0.007383,1.061094327,0.343396226
frozenset({'Cords'}),frozenset({'Camp Collared'}),0.119838872,0.136958711,0.023162135,0.193277311,1.411208601,0.006749157,1.069811598,0.331061586
frozenset({'Camp Collared'}),frozenset({'Cords'}),0.136958711,0.119838872,0.023162135,0.169117647,1.411208601,0.006749157,1.059308968,0.337628735
frozenset({'Coach'}),frozenset({'Henley'}),0.128902316,0.144008056,0.026183283,0.203125,1.410511364,0.007620311,1.074185968,0.334104046
frozenset({'Henley'}),frozenset({'Coach'}),0.144008056,0.128902316,0.026183283,0.181818182,1.410511364,0.007620311,1.064674947,0.34
frozenset({'Wool'}),frozenset({'Chambray'}),0.118831823,0.132930514,0.022155086,0.186440678,1.402542373,0.00635871,1.06577291,0.325714286
frozenset({'Chambray'}),frozenset({'Wool'}),0.132930514,0.118831823,0.022155086,0.166666667,1.402542373,0.00635871,1.057401813,0.331010453
frozenset({'Cardigan'}),frozenset({'Henley'}),0.129909366,0.144008056,0.026183283,0.201550388,1.399577167,0.007475288,1.07206758,0.328125
frozenset({'Henley'}),frozenset({'Cardigan'}),0.144008056,0.129909366,0.026183283,0.181818182,1.399577167,0.007475288,1.063444109,0.333529412
frozenset({'Cargo Pants'}),frozenset({'Joggers'}),0.128902316,0.151057402,0.027190332,0.2109375,1.39640625,0.007718683,1.075887649,0.325883109
frozenset({'Joggers'}),frozenset({'Cargo Pants'}),0.151057402,0.128902316,0.027190332,0.18,1.39640625,0.007718683,1.062314249,0.334387769
frozenset({'Dress'}),frozenset({'Leather'}),0.118831823,0.121852971,0.020140987,0.169491525,1.390951114,0.005660976,1.057360709,0.318971429
frozenset({'Leather'}),frozenset({'Dress'}),0.121852971,0.118831823,0.020140987,0.165289256,1.390951114,0.005660976,1.055656925,0.320068807
frozenset({'Linen'}),frozenset({'Camp Collared'}),0.121852971,0.136958711,0.023162135,0.190082645,1.387882839,0.006473309,1.065591796,0.318258875
frozenset({'Camp Collared'}),frozenset({'Linen'}),0.136958711,0.121852971,0.023162135,0.169117647,1.387882839,0.006473309,1.05688492,0.323829334
frozenset({'Mandarin Collar'}),frozenset({'Henley'}),0.116817724,0.144008056,0.023162135,0.198275862,1.376838679,0.006339442,1.067688876,0.309900352
frozenset({'Henley'}),frozenset({'Mandarin Collar'}),0.144008056,0.116817724,0.023162135,0.160839161,1.376838679,0.006339442,1.052458879,0.319744246
frozenset({'Oxford Cloth'}),frozenset({'Bomber'}),0.136958711,0.145015106,0.027190332,0.198529412,1.369025735,0.00732925,1.066770143,0.312329833
frozenset({'Bomber'}),frozenset({'Oxford Cloth'}),0.145015106,0.136958711,0.027190332,0.1875,1.369025735,0.00732925,1.062204663,0.31527287
frozenset({'Flannel'}),frozenset({'Pleated'}),0.135951662,0.135951662,0.025176234,0.185185185,1.362139918,0.006693379,1.060422961,0.307692308
frozenset({'Pleated'}),frozenset({'Flannel'}),0.135951662,0.135951662,0.025176234,0.185185185,1.362139918,0.006693379,1.060422961,0.307692308
frozenset({'Cuban Collar'}),frozenset({'Slim-Fit'}),0.116817724,0.146022155,0.023162135,0.198275862,1.3578478,0.006104159,1.065176667,0.298398691
frozenset({'Slim-Fit'}),frozenset({'Cuban Collar'}),0.146022155,0.116817724,0.023162135,0.15862069,1.3578478,0.006104159,1.049683853,0.308603363
frozenset({'Leather'}),frozenset({'Trench Coat'}),0.121852971,0.133937563,0.022155086,0.181818182,1.357484621,0.005834396,1.058520756,0.299885321
frozenset({'Trench Coat'}),frozenset({'Leather'}),0.133937563,0.121852971,0.022155086,0.165413534,1.357484621,0.005834396,1.052194188,0.304069767
frozenset({'Puffer'}),frozenset({'Denim'}),0.130916415,0.238670695,0.042296073,0.323076923,1.353651412,0.011050161,1.124691019,0.300612481
frozenset({'Denim'}),frozenset({'Puffer'}),0.238670695,0.130916415,0.042296073,0.17721519,1.353651412,0.011050161,1.056270819,0.343159486
frozenset({'Pleated'}),frozenset({'Casual Slim Fit'}),0.135951662,0.148036254,0.027190332,0.2,1.351020408,0.007064558,1.064954683,0.300699301
frozenset({'Casual Slim Fit'}),frozenset({'Pleated'}),0.148036254,0.135951662,0.027190332,0.183673469,1.351020408,0.007064558,1.058459215,0.304964539
frozenset({'Peacoat'}),frozenset({'Coach'}),0.121852971,0.128902316,0.021148036,0.173553719,1.346397211,0.005440906,1.054028197,0.292977283
frozenset({'Coach'}),frozenset({'Peacoat'}),0.128902316,0.121852971,0.021148036,0.1640625,1.346397211,0.005440906,1.050493642,0.295348197
frozenset({'Linen'}),frozenset({'Casual Slim Fit'}),0.121852971,0.148036254,0.024169184,0.198347107,1.33985495,0.006130527,1.0627589,0.288847477
frozenset({'Casual Slim Fit'}),frozenset({'Linen'}),0.148036254,0.121852971,0.024169184,0.163265306,1.33985495,0.006130527,1.049492791,0.297724586
frozenset({'Polo'}),frozenset({'Slim-Fit'}),0.119838872,0.146022155,0.023162135,0.193277311,1.323616343,0.005663005,1.058576704,0.277783305
frozenset({'Slim-Fit'}),frozenset({'Polo'}),0.146022155,0.119838872,0.023162135,0.15862069,1.323616343,0.005663005,1.046093144,0.286300246
frozenset({'Flannel'}),frozenset({'Slim-Fit'}),0.135951662,0.146022155,0.026183283,0.192592593,1.318927203,0.006331328,1.057678982,0.279854761
frozenset({'Slim-Fit'}),frozenset({'Flannel'}),0.146022155,0.135951662,0.026183283,0.179310345,1.318927203,0.006331328,1.052832009,0.283154935
frozenset({'Wool'}),frozenset({'Pullover'}),0.118831823,0.134944612,0.021148036,0.177966102,1.3188085,0.005112322,1.05233542,0.274340136
frozenset({'Pullover'}),frozenset({'Wool'}),0.134944612,0.118831823,0.021148036,0.156716418,1.3188085,0.005112322,1.044925095,0.27945008
frozenset({'Cords'}),frozenset({'Windbreaker'}),0.119838872,0.133937563,0.021148036,0.176470588,1.317558602,0.00509711,1.051647245,0.273836766
frozenset({'Windbreaker'}),frozenset({'Cords'}),0.133937563,0.119838872,0.021148036,0.157894737,1.317558602,0.00509711,1.045191339,0.278294574
frozenset({'Parka'}),frozenset({'Slim-Fit'}),0.125881168,0.146022155,0.024169184,0.192,1.314868966,0.005787745,1.056903273,0.273953533
frozenset({'Slim-Fit'}),frozenset({'Parka'}),0.146022155,0.125881168,0.024169184,0.165517241,1.314868966,0.005787745,1.047497774,0.280414701
frozenset({'Peacoat'}),frozenset({'Parka'}),0.121852971,0.125881168,0.020140987,0.165289256,1.313057851,0.004801993,1.04721167,0.271502294
frozenset({'Parka'}),frozenset({'Peacoat'}),0.125881168,0.121852971,0.020140987,0.16,1.313057851,0.004801993,1.04541313,0.272753456
frozenset({'Cardigan'}),frozenset({'Puffer'}),0.129909366,0.130916415,0.022155086,0.170542636,1.302683363,0.005147817,1.047773668,0.267045455
frozenset({'Puffer'}),frozenset({'Cardigan'}),0.130916415,0.129909366,0.022155086,0.169230769,1.302683363,0.005147817,1.047331319,0.267354893
frozenset({'Tracksuit Bottoms'}),frozenset({'Parka'}),0.12286002,0.125881168,0.020140987,0.163934426,1.302295082,0.004675224,1.045514681,0.264638347
frozenset({'Parka'}),frozenset({'Tracksuit Bottoms'}),0.125881168,0.12286002,0.020140987,0.16,1.302295082,0.004675224,1.044214262,0.265552995
frozenset({'Tracksuit Bottoms'}),frozenset({'Bomber'}),0.12286002,0.145015106,0.023162135,0.18852459,1.300034153,0.005345576,1.053617748,0.263115859
frozenset({'Bomber'}),frozenset({'Tracksuit Bottoms'}),0.145015106,0.12286002,0.023162135,0.159722222,1.300034153,0.005345576,1.043869067,0.269933938
frozenset({'Chambray'}),frozenset({'Relaxed Leg'}),0.132930514,0.139979859,0.024169184,0.181818182,1.298888162,0.00556159,1.051135728,0.265389082
frozenset({'Relaxed Leg'}),frozenset({'Chambray'}),0.139979859,0.132930514,0.024169184,0.172661871,1.298888162,0.00556159,1.048023118,0.267564403
frozenset({'Cropped'}),frozenset({'Oxford Cloth'}),0.124874119,0.136958711,0.022155086,0.177419355,1.295422201,0.005052487,1.049187449,0.260592112
frozenset({'Oxford Cloth'}),frozenset({'Cropped'}),0.136958711,0.124874119,0.022155086,0.161764706,1.295422201,0.005052487,1.044009823,0.26424101
frozenset({'Dress'}),frozenset({'High-Waisted'}),0.118831823,0.130916415,0.020140987,0.169491525,1.294654498,0.004583951,1.046447582,0.258285714
frozenset({'High-Waisted'}),frozenset({'Dress'}),0.130916415,0.118831823,0.020140987,0.153846154,1.294654498,0.004583951,1.041380573,0.261877173
frozenset({'Mandarin Collar'}),frozenset({'Relaxed Leg'}),0.116817724,0.139979859,0.021148036,0.181034483,1.293289506,0.004795908,1.050129856,0.256773633
frozenset({'Relaxed Leg'}),frozenset({'Mandarin Collar'}),0.139979859,0.116817724,0.021148036,0.151079137,1.293289506,0.004795908,1.040358783,0.263689082
frozenset({'Chambray'}),frozenset({'Pullover'}),0.132930514,0.134944612,0.023162135,0.174242424,1.291214383,0.005223878,1.047590011,0.260112104
frozenset({'Pullover'}),frozenset({'Chambray'}),0.134944612,0.132930514,0.023162135,0.171641791,1.291214383,0.005223878,1.046732533,0.26071772
frozenset({'Dress'}),frozenset({'Joggers'}),0.118831823,0.151057402,0.023162135,0.194915254,1.290338983,0.005211709,1.054476069,0.255354037
frozenset({'Joggers'}),frozenset({'Dress'}),0.151057402,0.118831823,0.023162135,0.153333333,1.290338983,0.005211709,1.040749816,0.265047192
frozenset({'Peacoat'}),frozenset({'Linen'}),0.121852971,0.121852971,0.019133938,0.157024793,1.288641486,0.004285791,1.041723437,0.255070014
frozenset({'Linen'}),frozenset({'Peacoat'}),0.121852971,0.121852971,0.019133938,0.157024793,1.288641486,0.004285791,1.041723437,0.255070014
frozenset({'Cuban Collar'}),frozenset({'Trench Coat'}),0.116817724,0.133937563,0.020140987,0.172413793,1.287269899,0.004494706,1.046492111,0.25267959
frozenset({'Cuban Collar'}),frozenset({'Windbreaker'}),0.116817724,0.133937563,0.020140987,0.172413793,1.287269899,0.004494706,1.046492111,0.25267959
frozenset({'Trench Coat'}),frozenset({'Cuban Collar'}),0.133937563,0.116817724,0.020140987,0.15037594,1.287269899,0.004494706,1.039497723,0.257674419
frozenset({'Windbreaker'}),frozenset({'Cuban Collar'}),0.133937563,0.116817724,0.020140987,0.15037594,1.287269899,0.004494706,1.039497723,0.257674419
frozenset({'Cropped'}),frozenset({'Denim'}),0.124874119,0.238670695,0.038267875,0.306451613,1.283993467,0.008464082,1.097730626,0.252740597
frozenset({'Denim'}),frozenset({'Cropped'}),0.238670695,0.124874119,0.038267875,0.160337553,1.283993467,0.008464082,1.042235346,0.290517962
frozenset({'Cords'}),frozenset({'Puffer'}),0.119838872,0.130916415,0.020140987,0.168067227,1.283775048,0.004452111,1.044656027,0.251144165
frozenset({'Puffer'}),frozenset({'Cords'}),0.130916415,0.119838872,0.020140987,0.153846154,1.283775048,0.004452111,1.040190424,0.254345307
frozenset({'Wool'}),frozenset({'Drawstring'}),0.118831823,0.13897281,0.021148036,0.177966102,1.280582167,0.004633644,1.047435139,0.248653061
frozenset({'Drawstring'}),frozenset({'Wool'}),0.13897281,0.118831823,0.021148036,0.152173913,1.280582167,0.004633644,1.039326568,0.254469507
frozenset({'Chinos'}),frozenset({'Slim-Fit'}),0.123867069,0.146022155,0.023162135,0.18699187,1.280571909,0.005074799,1.050392749,0.250074963
frozenset({'Slim-Fit'}),frozenset({'Chinos'}),0.146022155,0.123867069,0.023162135,0.15862069,1.280571909,0.005074799,1.041305532,0.256562756
frozenset({'Linen'}),frozenset({'Pleated'}),0.121852971,0.135951662,0.021148036,0.173553719,1.276584022,0.004581922,1.045498489,0.24672346
frozenset({'Pleated'}),frozenset({'Linen'}),0.135951662,0.121852971,0.021148036,0.155555556,1.276584022,0.004581922,1.039910956,0.250749251
frozenset({'Dress'}),frozenset({'Chambray'}),0.118831823,0.132930514,0.020140987,0.169491525,1.275038521,0.004344612,1.044022443,0.2448
frozenset({'Chambray'}),frozenset({'Dress'}),0.132930514,0.118831823,0.020140987,0.151515152,1.275038521,0.004344612,1.038519637,0.248780488
frozenset({'Cargo Pants'}),frozenset({'Pullover'}),0.128902316,0.134944612,0.022155086,0.171875,1.273670709,0.004760413,1.044595185,0.246663163
frozenset({'Pullover'}),frozenset({'Cargo Pants'}),0.134944612,0.128902316,0.022155086,0.164179104,1.273670709,0.004760413,1.042206157,0.248386073
frozenset({'Leather'}),frozenset({'Cardigan'}),0.121852971,0.129909366,0.020140987,0.165289256,1.272342879,0.004311145,1.04238581,0.24375
frozenset({'Cardigan'}),frozenset({'Leather'}),0.129909366,0.121852971,0.020140987,0.15503876,1.272342879,0.004311145,1.039274924,0.246006944
frozenset({'Leather'}),frozenset({'Camp Collared'}),0.121852971,0.136958711,0.021148036,0.173553719,1.267197375,0.00445921,1.04427996,0.240115771
frozenset({'Leather'}),frozenset({'Oxford Cloth'}),0.121852971,0.136958711,0.021148036,0.173553719,1.267197375,0.00445921,1.04427996,0.240115771
frozenset({'Camp Collared'}),frozenset({'Leather'}),0.136958711,0.121852971,0.021148036,0.154411765,1.267197375,0.00445921,1.038504313,0.244318498
frozenset({'Oxford Cloth'}),frozenset({'Leather'}),0.136958711,0.121852971,0.021148036,0.154411765,1.267197375,0.00445921,1.038504313,0.244318498
frozenset({'Cords'}),frozenset({'Slim-Fit'}),0.119838872,0.146022155,0.022155086,0.18487395,1.266067806,0.004655955,1.047663542,0.238766382
frozenset({'Slim-Fit'}),frozenset({'Cords'}),0.146022155,0.119838872,0.022155086,0.151724138,1.266067806,0.004655955,1.037588322,0.24608705
frozenset({'Relaxed Leg'}),frozenset({'Denim'}),0.139979859,0.238670695,0.042296073,0.302158273,1.266004918,0.008886982,1.090977046,0.244312479
frozenset({'Denim'}),frozenset({'Relaxed Leg'}),0.238670695,0.139979859,0.042296073,0.17721519,1.266004918,0.008886982,1.045255248,0.275982615
frozenset({'Cords'}),frozenset({'Chambray'}),0.119838872,0.132930514,0.020140987,0.168067227,1.264323911,0.004210744,1.042235039,0.237528604
frozenset({'Chambray'}),frozenset({'Cords'}),0.132930514,0.119838872,0.020140987,0.151515152,1.264323911,0.004210744,1.037332758,0.241114983
frozenset({'Trench Coat'}),frozenset({'Camp Collared'}),0.133937563,0.136958711,0.023162135,0.172932331,1.262660327,0.004818219,1.043495377,0.240192113
frozenset({'Trench Coat'}),frozenset({'Oxford Cloth'}),0.133937563,0.136958711,0.023162135,0.172932331,1.262660327,0.004818219,1.043495377,0.240192113
frozenset({'Camp Collared'}),frozenset({'Trench Coat'}),0.136958711,0.133937563,0.023162135,0.169117647,1.262660327,0.004818219,1.042340632,0.241032926
frozenset({'Oxford Cloth'}),frozenset({'Trench Coat'}),0.136958711,0.133937563,0.023162135,0.169117647,1.262660327,0.004818219,1.042340632,0.241032926
frozenset({'Slim-Fit'}),frozenset({'Casual Slim Fit'}),0.146022155,0.148036254,0.027190332,0.186206897,1.257846587,0.00557376,1.046904603,0.240041929
frozenset({'Casual Slim Fit'}),frozenset({'Slim-Fit'}),0.148036254,0.146022155,0.027190332,0.183673469,1.257846587,0.00557376,1.04612286,0.240609404
frozenset({'Peacoat'}),frozenset({'Cropped'}),0.121852971,0.124874119,0.019133938,0.157024793,1.257464676,0.003917655,1.038139526,0.233160309
frozenset({'Cropped'}),frozenset({'Peacoat'}),0.124874119,0.121852971,0.019133938,0.153225806,1.257464676,0.003917655,1.037049825,0.233965235
frozenset({'Cuban Collar'}),frozenset({'Henley'}),0.116817724,0.144008056,0.021148036,0.181034483,1.257113576,0.004325343,1.045211215,0.231579519
frozenset({'Henley'}),frozenset({'Cuban Collar'}),0.144008056,0.116817724,0.021148036,0.146853147,1.257113576,0.004325343,1.035205455,0.238935574
frozenset({'Coach'}),frozenset({'Camp Collared'}),0.128902316,0.136958711,0.022155086,0.171875,1.254940257,0.004500791,1.042163066,0.23321072
frozenset({'Camp Collared'}),frozenset({'Coach'}),0.136958711,0.128902316,0.022155086,0.161764706,1.254940257,0.004500791,1.039204254,0.235387716
frozenset({'Pullover'}),frozenset({'Camp Collared'}),0.134944612,0.136958711,0.023162135,0.171641791,1.253237489,0.004680295,1.041869664,0.233588095
frozenset({'Camp Collared'}),frozenset({'Pullover'}),0.136958711,0.134944612,0.023162135,0.169117647,1.253237489,0.004680295,1.041128608,0.234133225
frozenset({'Mandarin Collar'}),frozenset({'Puffer'}),0.116817724,0.130916415,0.019133938,0.163793103,1.251127321,0.00384058,1.039316452,0.227269999
frozenset({'Puffer'}),frozenset({'Mandarin Collar'}),0.130916415,0.116817724,0.019133938,0.146153846,1.251127321,0.00384058,1.03435762,0.230956882
frozenset({'Wool'}),frozenset({'Cargo Pants'}),0.118831823,0.128902316,0.019133938,0.161016949,1.249139301,0.00381624,1.038278047,0.226345865
frozenset({'Cargo Pants'}),frozenset({'Wool'}),0.128902316,0.118831823,0.019133938,0.1484375,1.249139301,0.00381624,1.0347663,0.22896258
frozenset({'Peacoat'}),frozenset({'Chambray'}),0.121852971,0.132930514,0.020140987,0.165289256,1.243425995,0.003943009,1.038766414,0.22293578
frozenset({'Chambray'}),frozenset({'Peacoat'}),0.132930514,0.121852971,0.020140987,0.151515152,1.243425995,0.003943009,1.034958999,0.225783972
frozenset({'Mandarin Collar'}),frozenset({'Slim-Fit'}),0.116817724,0.146022155,0.021148036,0.181034483,1.239774078,0.00409006,1.042751895,0.218982462
frozenset({'Slim-Fit'}),frozenset({'Mandarin Collar'}),0.146022155,0.116817724,0.021148036,0.144827586,1.239774078,0.00409006,1.032753468,0.226471249
frozenset({'Wool'}),frozenset({'Cardigan'}),0.118831823,0.129909366,0.019133938,0.161016949,1.23945605,0.003696571,1.037077726,0.21924812
frozenset({'Cardigan'}),frozenset({'Wool'}),0.129909366,0.118831823,0.019133938,0.147286822,1.23945605,0.003696571,1.033369953,0.222039474
frozenset({'Polo'}),frozenset({'Cargo Pants'}),0.119838872,0.128902316,0.019133938,0.159663866,1.238642332,0.003686429,1.036606244,0.218896784
frozenset({'Cargo Pants'}),frozenset({'Polo'}),0.128902316,0.119838872,0.019133938,0.1484375,1.238642332,0.003686429,1.03358371,0.221174323
frozenset({'Tracksuit Bottoms'}),frozenset({'Drawstring'}),0.12286002,0.13897281,0.021148036,0.172131148,1.238595866,0.004073834,1.040052646,0.219616205
frozenset({'Drawstring'}),frozenset({'Tracksuit Bottoms'}),0.13897281,0.12286002,0.021148036,0.152173913,1.238595866,0.004073834,1.034575361,0.223725982
frozenset({'Pleated'}),frozenset({'Henley'}),0.135951662,0.144008056,0.024169184,0.177777778,1.234498834,0.00459105,1.041071283,0.219842657
frozenset({'Henley'}),frozenset({'Pleated'}),0.144008056,0.135951662,0.024169184,0.167832168,1.234498834,0.00459105,1.038310188,0.221911765
frozenset({'Camp Collared'}),frozenset({'Denim'}),0.136958711,0.238670695,0.040281974,0.294117647,1.232315711,0.007593943,1.078549849,0.218436406
frozenset({'Denim'}),frozenset({'Camp Collared'}),0.238670695,0.136958711,0.040281974,0.168776371,1.232315711,0.007593943,1.038278099,0.247619048
frozenset({'Polo'}),frozenset({'Tracksuit Bottoms'}),0.119838872,0.12286002,0.018126888,0.151260504,1.231161317,0.003403482,1.033461956,0.213323163
frozenset({'Tracksuit Bottoms'}),frozenset({'Polo'}),0.12286002,0.119838872,0.018126888,0.147540984,1.231161317,0.003403482,1.032496708,0.214057916
frozenset({'Tracksuit Bottoms'}),frozenset({'Shearling'}),0.12286002,0.139979859,0.021148036,0.172131148,1.229685104,0.003950108,1.03883621,0.212946258
frozenset({'Shearling'}),frozenset({'Tracksuit Bottoms'}),0.139979859,0.12286002,0.021148036,0.151079137,1.229685104,0.003950108,1.033241163,0.217185235
frozenset({'Peacoat'}),frozenset({'Casual Slim Fit'}),0.121852971,0.148036254,0.022155086,0.181818182,1.228200371,0.004116428,1.041289023,0.211582569
frozenset({'Casual Slim Fit'}),frozenset({'Peacoat'}),0.148036254,0.121852971,0.022155086,0.149659864,1.228200371,0.004116428,1.032700906,0.218085106
frozenset({'Cargo Pants'}),frozenset({'Shearling'}),0.128902316,0.139979859,0.022155086,0.171875,1.227855216,0.004111358,1.038514887,0.213032055
frozenset({'Shearling'}),frozenset({'Cargo Pants'}),0.139979859,0.128902316,0.022155086,0.158273381,1.227855216,0.004111358,1.034893829,0.215776027
frozenset({'Coach'}),frozenset({'Trench Coat'}),0.128902316,0.133937563,0.021148036,0.1640625,1.224917763,0.003883174,1.036037308,0.210789981
frozenset({'Trench Coat'}),frozenset({'Coach'}),0.133937563,0.128902316,0.021148036,0.157894737,1.224917763,0.003883174,1.034428499,0.212015504
frozenset({'Mandarin Collar'}),frozenset({'Casual Slim Fit'}),0.116817724,0.148036254,0.021148036,0.181034483,1.222906404,0.003854778,1.040292574,0.206385405
frozenset({'Casual Slim Fit'}),frozenset({'Mandarin Collar'}),0.148036254,0.116817724,0.021148036,0.142857143,1.222906404,0.003854778,1.030379322,0.213947991
frozenset({'Leather'}),frozenset({'Linen'}),0.121852971,0.121852971,0.018126888,0.148760331,1.22081825,0.003278742,1.031609617,0.205976045
frozenset({'Linen'}),frozenset({'Leather'}),0.121852971,0.121852971,0.018126888,0.148760331,1.22081825,0.003278742,1.031609617,0.205976045
frozenset({'Leather'}),frozenset({'Peacoat'}),0.121852971,0.121852971,0.018126888,0.148760331,1.22081825,0.003278742,1.031609617,0.205976045
frozenset({'Peacoat'}),frozenset({'Leather'}),0.121852971,0.121852971,0.018126888,0.148760331,1.22081825,0.003278742,1.031609617,0.205976045
frozenset({'Bomber'}),frozenset({'Casual Slim Fit'}),0.145015106,0.148036254,0.026183283,0.180555556,1.219671202,0.00471579,1.039684572,0.210655069
frozenset({'Casual Slim Fit'}),frozenset({'Bomber'}),0.148036254,0.145015106,0.026183283,0.176870748,1.219671202,0.00471579,1.038700657,0.211402073
frozenset({'Pleated'}),frozenset({'Relaxed Leg'}),0.135951662,0.139979859,0.023162135,0.17037037,1.217106315,0.004131641,1.03663142,0.206445728
frozenset({'Relaxed Leg'}),frozenset({'Pleated'}),0.139979859,0.135951662,0.023162135,0.165467626,1.217106315,0.004131641,1.035368268,0.207412687
frozenset({'Windbreaker'}),frozenset({'Pleated'}),0.133937563,0.135951662,0.022155086,0.165413534,1.216708438,0.003946051,1.035301162,0.205655391
frozenset({'Pleated'}),frozenset({'Windbreaker'}),0.135951662,0.133937563,0.022155086,0.162962963,1.216708438,0.003946051,1.034676363,0.206134774
frozenset({'Cardigan'}),frozenset({'Trench Coat'}),0.129909366,0.133937563,0.021148036,0.162790698,1.215422277,0.003748292,1.034463466,0.203703704
frozenset({'Trench Coat'}),frozenset({'Cardigan'}),0.133937563,0.129909366,0.021148036,0.157894737,1.215422277,0.003748292,1.033232628,0.204651163
frozenset({'Drawstring'}),frozenset({'Denim'}),0.13897281,0.238670695,0.040281974,0.289855072,1.214456063,0.007113237,1.07207596,0.205087719
frozenset({'Denim'}),frozenset({'Drawstring'}),0.238670695,0.13897281,0.040281974,0.168776371,1.214456063,0.007113237,1.035855046,0.231944444
frozenset({'Cargo Pants'}),frozenset({'Casual Slim Fit'}),0.128902316,0.148036254,0.023162135,0.1796875,1.213807398,0.004079919,1.038584376,0.202211611
frozenset({'Casual Slim Fit'}),frozenset({'Cargo Pants'}),0.148036254,0.128902316,0.023162135,0.156462585,1.213807398,0.004079919,1.032672254,0.206753006
frozenset({'Dress'}),frozenset({'Wool'}),0.118831823,0.118831823,0.017119839,0.144067797,1.212367136,0.002998837,1.029483613,0.198789916
frozenset({'Wool'}),frozenset({'Dress'}),0.118831823,0.118831823,0.017119839,0.144067797,1.212367136,0.002998837,1.029483613,0.198789916
frozenset({'Cargo Pants'}),frozenset({'Coach'}),0.128902316,0.128902316,0.020140987,0.15625,1.212158203,0.00352518,1.03241207,0.200924855
frozenset({'Coach'}),frozenset({'Cargo Pants'}),0.128902316,0.128902316,0.020140987,0.15625,1.212158203,0.00352518,1.03241207,0.200924855
frozenset({'Linen'}),frozenset({'Tracksuit Bottoms'}),0.121852971,0.12286002,0.018126888,0.148760331,1.210811543,0.00315603,1.030426578,0.198267074
frozenset({'Tracksuit Bottoms'}),frozenset({'Linen'}),0.12286002,0.121852971,0.018126888,0.147540984,1.210811543,0.00315603,1.030134015,0.198494706
frozenset({'Peacoat'}),frozenset({'Cardigan'}),0.121852971,0.129909366,0.019133938,0.157024793,1.208725735,0.003304095,1.032166341,0.196644133
frozenset({'Cardigan'}),frozenset({'Peacoat'}),0.129909366,0.121852971,0.019133938,0.147286822,1.208725735,0.003304095,1.029826971,0.198464912
frozenset({'Oxford Cloth'}),frozenset({'Relaxed Leg'}),0.136958711,0.139979859,0.023162135,0.169117647,1.208157004,0.003990674,1.035068488,0.199634722
frozenset({'Relaxed Leg'}),frozenset({'Oxford Cloth'}),0.139979859,0.136958711,0.023162135,0.165467626,1.208157004,0.003990674,1.034161545,0.200336015
frozenset({'Pullover'}),frozenset({'Flannel'}),0.134944612,0.135951662,0.022155086,0.164179104,1.207628524,0.003809141,1.033772119,0.198751191
frozenset({'Flannel'}),frozenset({'Pullover'}),0.135951662,0.134944612,0.022155086,0.162962963,1.207628524,0.003809141,1.033473251,0.198982835
frozenset({'Cargo Pants'}),frozenset({'Flannel'}),0.128902316,0.135951662,0.021148036,0.1640625,1.206770833,0.003623552,1.033627919,0.196696945
frozenset({'Flannel'}),frozenset({'Cargo Pants'}),0.135951662,0.128902316,0.021148036,0.155555556,1.206770833,0.003623552,1.031563047,0.198301698
frozenset({'Henley'}),frozenset({'Bomber'}),0.144008056,0.145015106,0.025176234,0.174825175,1.205565268,0.00429289,1.036125762,0.1992
frozenset({'Bomber'}),frozenset({'Henley'}),0.145015106,0.144008056,0.025176234,0.173611111,1.205565268,0.00429289,1.035822184,0.199434629
frozenset({'Cuban Collar'}),frozenset({'Pleated'}),0.116817724,0.135951662,0.019133938,0.163793103,1.204789272,0.003252374,1.03329492,0.192462342
frozenset({'Pleated'}),frozenset({'Cuban Collar'}),0.135951662,0.116817724,0.019133938,0.140740741,1.204789272,0.003252374,1.027841442,0.196724328
frozenset({'Peacoat'}),frozenset({'Joggers'}),0.121852971,0.151057402,0.022155086,0.181818182,1.203636364,0.003748292,1.037596509,0.19266055
frozenset({'Henley'}),frozenset({'Joggers'}),0.144008056,0.151057402,0.026183283,0.181818182,1.203636364,0.0044298,1.037596509,0.197647059
frozenset({'Joggers'}),frozenset({'Henley'}),0.151057402,0.144008056,0.026183283,0.173333333,1.203636364,0.0044298,1.035474125,0.199288256
frozenset({'Joggers'}),frozenset({'Peacoat'}),0.151057402,0.121852971,0.022155086,0.146666667,1.203636364,0.003748292,1.02907855,0.199288256
frozenset({'Peacoat'}),frozenset({'High-Waisted'}),0.121852971,0.130916415,0.019133938,0.157024793,1.199427845,0.003181383,1.030971704,0.189340898
frozenset({'High-Waisted'}),frozenset({'Peacoat'}),0.130916415,0.121852971,0.019133938,0.146153846,1.199427845,0.003181383,1.028460485,0.191315485
frozenset({'Cardigan'}),frozenset({'Flannel'}),0.129909366,0.135951662,0.021148036,0.162790698,1.197416021,0.003486642,1.032057737,0.189484127
frozenset({'Flannel'}),frozenset({'Cardigan'}),0.135951662,0.129909366,0.021148036,0.155555556,1.197416021,0.003486642,1.030370488,0.190809191
frozenset({'Chinos'}),frozenset({'Pleated'}),0.123867069,0.135951662,0.020140987,0.162601626,1.196025294,0.003301053,1.031824715,0.187068966
frozenset({'Pleated'}),frozenset({'Chinos'}),0.135951662,0.123867069,0.020140987,0.148148148,1.196025294,0.003301053,1.028503875,0.189685315
frozenset({'Cuban Collar'}),frozenset({'Oxford Cloth'}),0.116817724,0.136958711,0.019133938,0.163793103,1.195930527,0.003134733,1.032090614,0.18550081
frozenset({'Oxford Cloth'}),frozenset({'Cuban Collar'}),0.136958711,0.116817724,0.019133938,0.139705882,1.195930527,0.003134733,1.026605039,0.189829884
frozenset({'Mandarin Collar'}),frozenset({'Cardigan'}),0.116817724,0.129909366,0.018126888,0.155172414,1.19446672,0.002951172,1.0299032,0.184340555
frozenset({'Cardigan'}),frozenset({'Mandarin Collar'}),0.129909366,0.116817724,0.018126888,0.139534884,1.19446672,0.002951172,1.026401023,0.187114198
frozenset({'High-Waisted'}),frozenset({'Denim'}),0.130916415,0.238670695,0.037260826,0.284615385,1.192502434,0.006014914,1.06422376,0.185744261
frozenset({'Denim'}),frozenset({'High-Waisted'}),0.238670695,0.130916415,0.037260826,0.156118143,1.192502434,0.006014914,1.029864048,0.212033462
frozenset({'Shearling'}),frozenset({'Bomber'}),0.139979859,0.145015106,0.024169184,0.172661871,1.190647482,0.00386999,1.033416524,0.18618267
frozenset({'Chambray'}),frozenset({'Shearling'}),0.132930514,0.139979859,0.022155086,0.166666667,1.190647482,0.003547491,1.032024169,0.18466899
frozenset({'Bomber'}),frozenset({'Shearling'}),0.145015106,0.139979859,0.024169184,0.166666667,1.190647482,0.00386999,1.032024169,0.187279152
frozenset({'Shearling'}),frozenset({'Chambray'}),0.139979859,0.132930514,0.022155086,0.158273381,1.190647482,0.003547491,1.030108193,0.18618267
frozenset({'Flannel'}),frozenset({'Camp Collared'}),0.135951662,0.136958711,0.022155086,0.162962963,1.189869281,0.003535321,1.031067027,0.184678957
frozenset({'Pleated'}),frozenset({'Oxford Cloth'}),0.135951662,0.136958711,0.022155086,0.162962963,1.189869281,0.003535321,1.031067027,0.184678957
frozenset({'Camp Collared'}),frozenset({'Flannel'}),0.136958711,0.135951662,0.022155086,0.161764706,1.189869281,0.003535321,1.030794509,0.184894452
frozenset({'Oxford Cloth'}),frozenset({'Pleated'}),0.136958711,0.135951662,0.022155086,0.161764706,1.189869281,0.003535321,1.030794509,0.184894452
frozenset({'Linen'}),frozenset({'Drawstring'}),0.121852971,0.13897281,0.020140987,0.165289256,1.189363996,0.003206737,1.031527624,0.181307339
frozenset({'Drawstring'}),frozenset({'Linen'}),0.13897281,0.121852971,0.020140987,0.144927536,1.189363996,0.003206737,1.026985509,0.184912281
frozenset({'Slim-Fit'}),frozenset({'Joggers'}),0.146022155,0.151057402,0.026183283,0.179310345,1.187034483,0.004125556,1.034425855,0.184506531
frozenset({'Joggers'}),frozenset({'Slim-Fit'}),0.151057402,0.146022155,0.026183283,0.173333333,1.187034483,0.004125556,1.033037716,0.185600876
frozenset({'Trench Coat'}),frozenset({'Slim-Fit'}),0.133937563,0.146022155,0.023162135,0.172932331,1.184288307,0.003604283,1.032536849,0.179676441
frozenset({'Slim-Fit'}),frozenset({'Trench Coat'}),0.146022155,0.133937563,0.023162135,0.15862069,1.184288307,0.003604283,1.029336503,0.182219032
frozenset({'Dress'}),frozenset({'Coach'}),0.118831823,0.128902316,0.018126888,0.152542373,1.183395127,0.002809191,1.027895267,0.175873016
frozenset({'Coach'}),frozenset({'Dress'}),0.128902316,0.118831823,0.018126888,0.140625,1.183395127,0.002809191,1.025359334,0.17790623
frozenset({'Camp Collared'}),frozenset({'Oxford Cloth'}),0.136958711,0.136958711,0.022155086,0.161764706,1.181120242,0.003397397,1.029593117,0.177681129
frozenset({'Oxford Cloth'}),frozenset({'Camp Collared'}),0.136958711,0.136958711,0.022155086,0.161764706,1.181120242,0.003397397,1.029593117,0.177681129
frozenset({'Peacoat'}),frozenset({'Relaxed Leg'}),0.121852971,0.139979859,0.020140987,0.165289256,1.18080742,0.003084025,1.030321159,0.174369266
frozenset({'Relaxed Leg'}),frozenset({'Peacoat'}),0.139979859,0.121852971,0.020140987,0.143884892,1.18080742,0.003084025,1.025734765,0.178044496
frozenset({'Windbreaker'}),frozenset({'Trench Coat'}),0.133937563,0.133937563,0.021148036,0.157894737,1.178868223,0.003208765,1.028449144,0.175193798
frozenset({'Trench Coat'}),frozenset({'Windbreaker'}),0.133937563,0.133937563,0.021148036,0.157894737,1.178868223,0.003208765,1.028449144,0.175193798
frozenset({'Tracksuit Bottoms'}),frozenset({'Slim-Fit'}),0.12286002,0.146022155,0.021148036,0.172131148,1.178801583,0.003207751,1.031537595,0.172926576
frozenset({'Slim-Fit'}),frozenset({'Tracksuit Bottoms'}),0.146022155,0.12286002,0.021148036,0.144827586,1.178801583,0.003207751,1.02568788,0.177616801
frozenset({'Cargo Pants'}),frozenset({'Slim-Fit'}),0.128902316,0.146022155,0.022155086,0.171875,1.177047414,0.003332492,1.03121853,0.172674724
frozenset({'Slim-Fit'}),frozenset({'Cargo Pants'}),0.146022155,0.128902316,0.022155086,0.151724138,1.177047414,0.003332492,1.026903774,0.176136364
frozenset({'Dress'}),frozenset({'Henley'}),0.118831823,0.144008056,0.020140987,0.169491525,1.176958635,0.003028247,1.030684177,0.170628571
frozenset({'Henley'}),frozenset({'Dress'}),0.144008056,0.118831823,0.020140987,0.13986014,1.176958635,0.003028247,1.024447556,0.175647059
frozenset({'Parka'}),frozenset({'Pleated'}),0.125881168,0.135951662,0.020140987,0.16,1.176888889,0.003027233,1.028628974,0.171947005
frozenset({'Pleated'}),frozenset({'Parka'}),0.135951662,0.125881168,0.020140987,0.148148148,1.176888889,0.003027233,1.026139498,0.173951049
frozenset({'Cargo Pants'}),frozenset({'Chambray'}),0.128902316,0.132930514,0.020140987,0.15625,1.175426136,0.003005936,1.02763791,0.17132948
frozenset({'Chambray'}),frozenset({'Cargo Pants'}),0.132930514,0.128902316,0.020140987,0.151515152,1.175426136,0.003005936,1.026650842,0.172125436
frozenset({'High-Waisted'}),frozenset({'Puffer'}),0.130916415,0.130916415,0.020140987,0.153846154,1.175147929,0.003001879,1.027098782,0.171494786
frozenset({'Puffer'}),frozenset({'High-Waisted'}),0.130916415,0.130916415,0.020140987,0.153846154,1.175147929,0.003001879,1.027098782,0.171494786
frozenset({'Pleated'}),frozenset({'Bomber'}),0.135951662,0.145015106,0.023162135,0.17037037,1.174845679,0.00344709,1.030562149,0.172240803
frozenset({'Bomber'}),frozenset({'Pleated'}),0.145015106,0.135951662,0.023162135,0.159722222,1.174845679,0.00344709,1.028288932,0.174066677
frozenset({'Cords'}),frozenset({'Flannel'}),0.119838872,0.135951662,0.019133938,0.159663866,1.174416433,0.002841644,1.028217523,0.168734192
frozenset({'Flannel'}),frozenset({'Cords'}),0.135951662,0.119838872,0.019133938,0.140740741,1.174416433,0.002841644,1.024325451,0.171880751
frozenset({'High-Waisted'}),frozenset({'Joggers'}),0.130916415,0.151057402,0.023162135,0.176923077,1.171230769,0.003386241,1.031425587,0.168220061
frozenset({'Joggers'}),frozenset({'High-Waisted'}),0.151057402,0.130916415,0.023162135,0.153333333,1.171230769,0.003386241,1.026476675,0.172211048
frozenset({'Oxford Cloth'}),frozenset({'Denim'}),0.136958711,0.238670695,0.038267875,0.279411765,1.170699926,0.005579844,1.056538628,0.168949211
frozenset({'Denim'}),frozenset({'Oxford Cloth'}),0.238670695,0.136958711,0.038267875,0.160337553,1.170699926,0.005579844,1.027843143,0.191520468
frozenset({'Parka'}),frozenset({'Henley'}),0.125881168,0.144008056,0.021148036,0.168,1.166601399,0.003020134,1.028836471,0.163375027
frozenset({'Henley'}),frozenset({'Parka'}),0.144008056,0.125881168,0.021148036,0.146853147,1.166601399,0.003020134,1.024581909,0.166834734
frozenset({'Cargo Pants'}),frozenset({'Trench Coat'}),0.128902316,0.133937563,0.020140987,0.15625,1.166588346,0.002876125,1.02644437,0.163930636
frozenset({'Trench Coat'}),frozenset({'Cargo Pants'}),0.133937563,0.128902316,0.020140987,0.15037594,1.166588346,0.002876125,1.025274265,0.164883721
frozenset({'Tracksuit Bottoms'}),frozenset({'Trench Coat'}),0.12286002,0.133937563,0.019133938,0.155737705,1.162763466,0.002678366,1.025821527,0.159586682
frozenset({'Trench Coat'}),frozenset({'Tracksuit Bottoms'}),0.133937563,0.12286002,0.019133938,0.142857143,1.162763466,0.002678366,1.023329977,0.161627907
frozenset({'Puffer'}),frozenset({'Drawstring'}),0.130916415,0.13897281,0.021148036,0.161538462,1.162374582,0.002954214,1.026913163,0.160734978
frozenset({'Drawstring'}),frozenset({'Puffer'}),0.13897281,0.130916415,0.021148036,0.152173913,1.162374582,0.002954214,1.025072947,0.162238931
frozenset({'Trench Coat'}),frozenset({'Pleated'}),0.133937563,0.135951662,0.021148036,0.157894737,1.161403509,0.002939002,1.026057402,0.160465116
frozenset({'Pleated'}),frozenset({'Trench Coat'}),0.135951662,0.133937563,0.021148036,0.155555556,1.161403509,0.002939002,1.025600254,0.160839161
frozenset({'Mandarin Collar'}),frozenset({'Wool'}),0.116817724,0.118831823,0.01611279,0.137931034,1.160724722,0.002231126,1.022155086,0.156784493
frozenset({'Wool'}),frozenset({'Mandarin Collar'}),0.118831823,0.116817724,0.01611279,0.13559322,1.160724722,0.002231126,1.021720672,0.157142857
frozenset({'Dress'}),frozenset({'Drawstring'}),0.118831823,0.13897281,0.019133938,0.161016949,1.15862196,0.002619545,1.026274833,0.155368421
frozenset({'Drawstring'}),frozenset({'Dress'}),0.13897281,0.118831823,0.019133938,0.137681159,1.15862196,0.002619545,1.021858895,0.15900277
frozenset({'Camp Collared'}),frozenset({'Relaxed Leg'}),0.136958711,0.139979859,0.022155086,0.161764706,1.155628438,0.002983625,1.02598894,0.156041158
frozenset({'Relaxed Leg'}),frozenset({'Camp Collared'}),0.139979859,0.136958711,0.022155086,0.158273381,1.155628438,0.002983625,1.025322557,0.156589312
frozenset({'Linen'}),frozenset({'Coach'}),0.121852971,0.128902316,0.018126888,0.148760331,1.154054752,0.002419758,1.023328347,0.152013252
frozenset({'Coach'}),frozenset({'Linen'}),0.128902316,0.121852971,0.018126888,0.140625,1.154054752,0.002419758,1.021843816,0.153243417
frozenset({'Parka'}),frozenset({'Drawstring'}),0.125881168,0.13897281,0.020140987,0.16,1.151304348,0.002646927,1.025032369,0.150345622
frozenset({'Drawstring'}),frozenset({'Parka'}),0.13897281,0.125881168,0.020140987,0.144927536,1.151304348,0.002646927,1.022274566,0.152631579
frozenset({'Coach'}),frozenset({'Flannel'}),0.128902316,0.135951662,0.020140987,0.15625,1.149305556,0.002616503,1.02405729,0.149132948
frozenset({'Flannel'}),frozenset({'Coach'}),0.135951662,0.128902316,0.020140987,0.148148148,1.149305556,0.002616503,1.022592933,0.15034965
frozenset({'Windbreaker'}),frozenset({'Henley'}),0.133937563,0.144008056,0.022155086,0.165413534,1.148640833,0.002866997,1.025648004,0.149418605
frozenset({'Henley'}),frozenset({'Windbreaker'}),0.144008056,0.133937563,0.022155086,0.153846154,1.148640833,0.002866997,1.023528335,0.151176471
frozenset({'Flannel'}),frozenset({'Denim'}),0.135951662,0.238670695,0.037260826,0.274074074,1.148335677,0.004813148,1.048769961,0.149499149
frozenset({'Denim'}),frozenset({'Flannel'}),0.238670695,0.135951662,0.037260826,0.156118143,1.148335677,0.004813148,1.023897281,0.16966967
frozenset({'Trench Coat'}),frozenset({'Joggers'}),0.133937563,0.151057402,0.023162135,0.172932331,1.14481203,0.002929875,1.026448778,0.146056623
frozenset({'Joggers'}),frozenset({'Trench Coat'}),0.151057402,0.133937563,0.023162135,0.153333333,1.14481203,0.002929875,1.02290839,0.149002011
frozenset({'Relaxed Leg'}),frozenset({'Joggers'}),0.139979859,0.151057402,0.024169184,0.172661871,1.143021583,0.00302419,1.026113227,0.145491803
frozenset({'Joggers'}),frozenset({'Relaxed Leg'}),0.151057402,0.139979859,0.024169184,0.16,1.143021583,0.00302419,1.023833501,0.147390273
frozenset({'Peacoat'}),frozenset({'Denim'}),0.121852971,0.238670695,0.033232628,0.272727273,1.14269275,0.004149895,1.046827795,0.142201835
frozenset({'Denim'}),frozenset({'Peacoat'}),0.238670695,0.121852971,0.033232628,0.139240506,1.14269275,0.004149895,1.020200225,0.164021164
frozenset({'Cargo Pants'}),frozenset({'Cardigan'}),0.128902316,0.129909366,0.019133938,0.1484375,1.142623547,0.002388319,1.021757809,0.143291755
frozenset({'Cardigan'}),frozenset({'Cargo Pants'}),0.129909366,0.128902316,0.019133938,0.147286822,1.142623547,0.002388319,1.021560011,0.143457602
frozenset({'Mandarin Collar'}),frozenset({'Pleated'}),0.116817724,0.135951662,0.018126888,0.155172414,1.14137931,0.002245325,1.022751094,0.140250855
frozenset({'Pleated'}),frozenset({'Mandarin Collar'}),0.135951662,0.116817724,0.018126888,0.133333333,1.14137931,0.002245325,1.019056472,0.143356643
frozenset({'Cargo Pants'}),frozenset({'Camp Collared'}),0.128902316,0.136958711,0.020140987,0.15625,1.140854779,0.002486692,1.02286375,0.141734104
frozenset({'Camp Collared'}),frozenset({'Cargo Pants'}),0.136958711,0.128902316,0.020140987,0.147058824,1.140854779,0.002486692,1.02128694,0.143057176
frozenset({'Leather'}),frozenset({'Bomber'}),0.121852971,0.145015106,0.020140987,0.165289256,1.139807163,0.002470465,1.024288834,0.139678899
frozenset({'Bomber'}),frozenset({'Leather'}),0.145015106,0.121852971,0.020140987,0.138888889,1.139807163,0.002470465,1.019783647,0.143462898
frozenset({'Wool'}),frozenset({'Windbreaker'}),0.118831823,0.133937563,0.018126888,0.152542373,1.138906589,0.002210843,1.021953676,0.138412698
frozenset({'Windbreaker'}),frozenset({'Wool'}),0.133937563,0.118831823,0.018126888,0.135338346,1.138906589,0.002210843,1.019090153,0.140826873
frozenset({'Drawstring'}),frozenset({'Relaxed Leg'}),0.13897281,0.139979859,0.022155086,0.15942029,1.1388802,0.002701691,1.023127409,0.141626794
frozenset({'Relaxed Leg'}),frozenset({'Drawstring'}),0.139979859,0.13897281,0.022155086,0.158273381,1.1388802,0.002701691,1.022929739,0.141792634
frozenset({'Tracksuit Bottoms'}),frozenset({'Camp Collared'}),0.12286002,0.136958711,0.019133938,0.155737705,1.137114272,0.002307188,1.02224308,0.137470542
frozenset({'Camp Collared'}),frozenset({'Tracksuit Bottoms'}),0.136958711,0.12286002,0.019133938,0.139705882,1.137114272,0.002307188,1.019581515,0.139716269
frozenset({'Linen'}),frozenset({'Puffer'}),0.121852971,0.130916415,0.018126888,0.148760331,1.136300064,0.002174334,1.02096227,0.136595311
frozenset({'Puffer'}),frozenset({'Linen'}),0.130916415,0.121852971,0.018126888,0.138461538,1.136300064,0.002174334,1.019277802,0.138019827
frozenset({'Linen'}),frozenset({'Chinos'}),0.121852971,0.123867069,0.017119839,0.140495868,1.134247128,0.002026268,1.019346967,0.134781436
frozenset({'Chinos'}),frozenset({'Linen'}),0.123867069,0.121852971,0.017119839,0.138211382,1.134247128,0.002026268,1.01898193,0.135091278
frozenset({'Coach'}),frozenset({'Puffer'}),0.128902316,0.130916415,0.019133938,0.1484375,1.133834135,0.002258508,1.020575219,0.135503499
frozenset({'Puffer'}),frozenset({'Coach'}),0.130916415,0.128902316,0.019133938,0.146153846,1.133834135,0.002258508,1.020204495,0.135817528
frozenset({'Peacoat'}),frozenset({'Slim-Fit'}),0.121852971,0.146022155,0.020140987,0.165289256,1.131946423,0.002347754,1.023082369,0.132740826
frozenset({'Slim-Fit'}),frozenset({'Peacoat'}),0.146022155,0.121852971,0.020140987,0.137931034,1.131946423,0.002347754,1.018650554,0.136497642
frozenset({'Flannel'}),frozenset({'Henley'}),0.135951662,0.144008056,0.022155086,0.162962963,1.131623932,0.002576951,1.022645242,0.134615385
frozenset({'Henley'}),frozenset({'Flannel'}),0.144008056,0.135951662,0.022155086,0.153846154,1.131623932,0.002576951,1.021148036,0.135882353
frozenset({'High-Waisted'}),frozenset({'Flannel'}),0.130916415,0.135951662,0.020140987,0.153846154,1.131623932,0.002342683,1.021148036,0.133835458
frozenset({'Flannel'}),frozenset({'High-Waisted'}),0.135951662,0.130916415,0.020140987,0.148148148,1.131623932,0.002342683,1.020228556,0.134615385
frozenset({'Leather'}),frozenset({'Drawstring'}),0.121852971,0.13897281,0.019133938,0.157024793,1.129895796,0.002199688,1.021414608,0.130915017
frozenset({'Drawstring'}),frozenset({'Leather'}),0.13897281,0.121852971,0.019133938,0.137681159,1.129895796,0.002199688,1.018355378,0.133518006
frozenset({'Cords'}),frozenset({'Trench Coat'}),0.119838872,0.133937563,0.018126888,0.151260504,1.129335945,0.002075962,1.020410198,0.130116959
frozenset({'Trench Coat'}),frozenset({'Cords'}),0.133937563,0.119838872,0.018126888,0.135338346,1.129335945,0.002075962,1.017925478,0.132235142
frozenset({'Trench Coat'}),frozenset({'Relaxed Leg'}),0.133937563,0.139979859,0.021148036,0.157894737,1.127981825,0.002399475,1.021273917,0.131007752
frozenset({'Relaxed Leg'}),frozenset({'Trench Coat'}),0.139979859,0.133937563,0.021148036,0.151079137,1.127981825,0.002399475,1.020192193,0.131928181
frozenset({'Drawstring'}),frozenset({'Casual Slim Fit'}),0.13897281,0.148036254,0.023162135,0.166666667,1.12585034,0.002589121,1.022356495,0.129824561
frozenset({'Casual Slim Fit'}),frozenset({'Drawstring'}),0.148036254,0.13897281,0.023162135,0.156462585,1.12585034,0.002589121,1.020733847,0.131205674
frozenset({'Tracksuit Bottoms'}),frozenset({'Chinos'}),0.12286002,0.123867069,0.017119839,0.139344262,1.12495002,0.001901528,1.017983024,0.126629297
frozenset({'Chinos'}),frozenset({'Tracksuit Bottoms'}),0.123867069,0.12286002,0.017119839,0.138211382,1.12495002,0.001901528,1.017813373,0.126774848
frozenset({'Puffer'}),frozenset({'Joggers'}),0.130916415,0.151057402,0.022155086,0.169230769,1.120307692,0.002379192,1.02187535,0.123564732
frozenset({'Joggers'}),frozenset({'Puffer'}),0.151057402,0.130916415,0.022155086,0.146666667,1.120307692,0.002379192,1.018457326,0.12649628
frozenset({'Chinos'}),frozenset({'High-Waisted'}),0.123867069,0.130916415,0.018126888,0.146341463,1.11782364,0.001910656,1.018069343,0.120306513
frozenset({'High-Waisted'}),frozenset({'Chinos'}),0.130916415,0.123867069,0.018126888,0.138461538,1.11782364,0.001910656,1.016940009,0.121282348
frozenset({'Dress'}),frozenset({'Cargo Pants'}),0.118831823,0.128902316,0.017119839,0.144067797,1.117650953,0.001802142,1.017718086,0.119462185
frozenset({'Cargo Pants'}),frozenset({'Dress'}),0.128902316,0.118831823,0.017119839,0.1328125,1.117650953,0.001802142,1.016121862,0.120843251
frozenset({'Coach'}),frozenset({'Relaxed Leg'}),0.128902316,0.139979859,0.020140987,0.15625,1.116232014,0.002097259,1.01928313,0.119537572
frozenset({'Relaxed Leg'}),frozenset({'Coach'}),0.139979859,0.128902316,0.020140987,0.143884892,1.116232014,0.002097259,1.017500656,0.121077283
frozenset({'Wool'}),frozenset({'Peacoat'}),0.118831823,0.121852971,0.01611279,0.13559322,1.112760891,0.001632779,1.015895583,0.115
frozenset({'Peacoat'}),frozenset({'Wool'}),0.121852971,0.118831823,0.01611279,0.132231405,1.112760891,0.001632779,1.015441423,0.115395642
frozenset({'Polo'}),frozenset({'Pleated'}),0.119838872,0.135951662,0.018126888,0.151260504,1.112605042,0.001834594,1.018037151,0.114988558
frozenset({'Pleated'}),frozenset({'Polo'}),0.135951662,0.119838872,0.018126888,0.133333333,1.112605042,0.001834594,1.015570532,0.117132867
frozenset({'Pullover'}),frozenset({'Casual Slim Fit'}),0.134944612,0.148036254,0.022155086,0.164179104,1.109046604,0.002178391,1.019313768,0.113662821
frozenset({'Casual Slim Fit'}),frozenset({'Pullover'}),0.148036254,0.134944612,0.022155086,0.149659864,1.109046604,0.002178391,1.017305136,0.115409413
frozenset({'Cords'}),frozenset({'Henley'}),0.119838872,0.144008056,0.019133938,0.159663866,1.108714815,0.001876175,1.018630413,0.111405516
frozenset({'Henley'}),frozenset({'Cords'}),0.144008056,0.119838872,0.019133938,0.132867133,1.108714815,0.001876175,1.015024527,0.114551084
frozenset({'Cuban Collar'}),frozenset({'Shearling'}),0.116817724,0.139979859,0.018126888,0.155172414,1.108533863,0.00177476,1.017983024,0.110857722
frozenset({'Shearling'}),frozenset({'Cuban Collar'}),0.139979859,0.116817724,0.018126888,0.129496403,1.108533863,0.00177476,1.014564763,0.113843352
frozenset({'Parka'}),frozenset({'Cardigan'}),0.125881168,0.129909366,0.018126888,0.144,1.108465116,0.001773746,1.016461022,0.111943164
frozenset({'Cardigan'}),frozenset({'Parka'}),0.129909366,0.125881168,0.018126888,0.139534884,1.108465116,0.001773746,1.015867832,0.11246142
frozenset({'Cords'}),frozenset({'Cargo Pants'}),0.119838872,0.128902316,0.017119839,0.142857143,1.108258929,0.001672331,1.016280631,0.110983982
frozenset({'Cargo Pants'}),frozenset({'Cords'}),0.128902316,0.119838872,0.017119839,0.1328125,1.108258929,0.001672331,1.01496058,0.112138728
frozenset({'Chambray'}),frozenset({'Camp Collared'}),0.132930514,0.136958711,0.020140987,0.151515152,1.106283422,0.001934995,1.017155805,0.110801394
frozenset({'Camp Collared'}),frozenset({'Chambray'}),0.136958711,0.132930514,0.020140987,0.147058824,1.106283422,0.001934995,1.016564225,0.111318553
frozenset({'Puffer'}),frozenset({'Slim-Fit'}),0.130916415,0.146022155,0.021148036,0.161538462,1.106259947,0.002031339,1.018505687,0.11052254
frozenset({'Slim-Fit'}),frozenset({'Puffer'}),0.146022155,0.130916415,0.021148036,0.144827586,1.106259947,0.002031339,1.016267095,0.112477538
frozenset({'Trench Coat'}),frozenset({'Flannel'}),0.133937563,0.135951662,0.020140987,0.15037594,1.10609858,0.001931953,1.016977248,0.110755814
frozenset({'Windbreaker'}),frozenset({'Flannel'}),0.133937563,0.135951662,0.020140987,0.15037594,1.10609858,0.001931953,1.016977248,0.110755814
frozenset({'Flannel'}),frozenset({'Trench Coat'}),0.135951662,0.133937563,0.020140987,0.148148148,1.10609858,0.001931953,1.016681991,0.111013986
frozenset({'Flannel'}),frozenset({'Windbreaker'}),0.135951662,0.133937563,0.020140987,0.148148148,1.10609858,0.001931953,1.016681991,0.111013986
frozenset({'Cuban Collar'}),frozenset({'Cropped'}),0.116817724,0.124874119,0.01611279,0.137931034,1.104560623,0.001525279,1.015146022,0.10718358
frozenset({'Cropped'}),frozenset({'Cuban Collar'}),0.124874119,0.116817724,0.01611279,0.129032258,1.104560623,0.001525279,1.014024095,0.108170311
frozenset({'Cords'}),frozenset({'Oxford Cloth'}),0.119838872,0.136958711,0.018126888,0.151260504,1.104424123,0.001713911,1.016850628,0.107424358
frozenset({'Oxford Cloth'}),frozenset({'Cords'}),0.136958711,0.119838872,0.018126888,0.132352941,1.104424123,0.001713911,1.014422995,0.109555296
frozenset({'Polo'}),frozenset({'Peacoat'}),0.119838872,0.121852971,0.01611279,0.134453782,1.103409959,0.001510067,1.014558218,0.106478833
frozenset({'Peacoat'}),frozenset({'Polo'}),0.121852971,0.119838872,0.01611279,0.132231405,1.103409959,0.001510067,1.014280919,0.10672305
frozenset({'Camp Collared'}),frozenset({'Shearling'}),0.136958711,0.139979859,0.021148036,0.154411765,1.103099873,0.001976575,1.017067297,0.108295827
frozenset({'Oxford Cloth'}),frozenset({'Shearling'}),0.136958711,0.139979859,0.021148036,0.154411765,1.103099873,0.001976575,1.017067297,0.108295827
frozenset({'Shearling'}),frozenset({'Camp Collared'}),0.139979859,0.136958711,0.021148036,0.151079137,1.103099873,0.001976575,1.016633383,0.108676257
frozenset({'Shearling'}),frozenset({'Oxford Cloth'}),0.139979859,0.136958711,0.021148036,0.151079137,1.103099873,0.001976575,1.016633383,0.108676257
frozenset({'Wool'}),frozenset({'High-Waisted'}),0.118831823,0.130916415,0.017119839,0.144067797,1.100456323,0.001562803,1.015364981,0.103596639
frozenset({'High-Waisted'}),frozenset({'Wool'}),0.130916415,0.118831823,0.017119839,0.130769231,1.100456323,0.001562803,1.013733301,0.105037148
frozenset({'Coach'}),frozenset({'Pullover'}),0.128902316,0.134944612,0.019133938,0.1484375,1.09998834,0.001739264,1.015844859,0.104350472
frozenset({'Pullover'}),frozenset({'Coach'}),0.134944612,0.128902316,0.019133938,0.141791045,1.09998834,0.001739264,1.015018171,0.105079346
frozenset({'Cardigan'}),frozenset({'Casual Slim Fit'}),0.129909366,0.148036254,0.021148036,0.162790698,1.099667774,0.00191674,1.017623364,0.104166667
frozenset({'Cardigan'}),frozenset({'Windbreaker'}),0.129909366,0.133937563,0.019133938,0.147286822,1.099667774,0.001734194,1.01565504,0.104166667
frozenset({'Casual Slim Fit'}),frozenset({'Cardigan'}),0.148036254,0.129909366,0.021148036,0.142857143,1.099667774,0.00191674,1.01510574,0.106382979
frozenset({'Windbreaker'}),frozenset({'Cardigan'}),0.133937563,0.129909366,0.019133938,0.142857143,1.099667774,0.001734194,1.01510574,0.104651163
frozenset({'Drawstring'}),frozenset({'Bomber'}),0.13897281,0.145015106,0.022155086,0.15942029,1.099335749,0.002001929,1.017137202,0.104944179
frozenset({'Bomber'}),frozenset({'Drawstring'}),0.145015106,0.13897281,0.022155086,0.152777778,1.099335749,0.002001929,1.016294389,0.105685834
frozenset({'Shearling'}),frozenset({'Henley'}),0.139979859,0.144008056,0.022155086,0.158273381,1.099059214,0.001996858,1.016947694,0.104800937
frozenset({'Henley'}),frozenset({'Shearling'}),0.144008056,0.139979859,0.022155086,0.153846154,1.099059214,0.001996858,1.016387439,0.105294118
frozenset({'Wool'}),frozenset({'Chinos'}),0.118831823,0.123867069,0.01611279,0.13559322,1.094667218,0.00139344,1.013565547,0.098142857
frozenset({'Chinos'}),frozenset({'Wool'}),0.123867069,0.118831823,0.01611279,0.130081301,1.094667218,0.00139344,1.012931643,0.098706897
frozenset({'Cropped'}),frozenset({'Relaxed Leg'}),0.124874119,0.139979859,0.019133938,0.153225806,1.094627524,0.001654076,1.015642833,0.09878263
frozenset({'Relaxed Leg'}),frozenset({'Cropped'}),0.139979859,0.124874119,0.019133938,0.136690647,1.094627524,0.001654076,1.013687479,0.100517688
frozenset({'Cords'}),frozenset({'Tracksuit Bottoms'}),0.119838872,0.12286002,0.01611279,0.134453782,1.094365615,0.001389383,1.013394734,0.097969108
frozenset({'Tracksuit Bottoms'}),frozenset({'Cords'}),0.12286002,0.119838872,0.01611279,0.131147541,1.094365615,0.001389383,1.013015638,0.098306544
frozenset({'Leather'}),frozenset({'Flannel'}),0.121852971,0.135951662,0.018126888,0.148760331,1.094214876,0.001560774,1.015047077,0.098050459
frozenset({'Leather'}),frozenset({'Pleated'}),0.121852971,0.135951662,0.018126888,0.148760331,1.094214876,0.001560774,1.015047077,0.098050459
frozenset({'Flannel'}),frozenset({'Leather'}),0.135951662,0.121852971,0.018126888,0.133333333,1.094214876,0.001560774,1.013246572,0.09965035
frozenset({'Pleated'}),frozenset({'Leather'}),0.135951662,0.121852971,0.018126888,0.133333333,1.094214876,0.001560774,1.013246572,0.09965035
frozenset({'Bomber'}),frozenset({'Slim-Fit'}),0.145015106,0.146022155,0.023162135,0.159722222,1.093821839,0.001986717,1.016304212,0.10032263
frozenset({'Slim-Fit'}),frozenset({'Bomber'}),0.146022155,0.145015106,0.023162135,0.15862069,1.093821839,0.001986717,1.016170571,0.100440935
frozenset({'Cords'}),frozenset({'Denim'}),0.119838872,0.238670695,0.03121853,0.260504202,1.09147963,0.002616503,1.029524856,0.095224035
frozenset({'Denim'}),frozenset({'Cords'}),0.238670695,0.119838872,0.03121853,0.130801688,1.09147963,0.002616503,1.01261256,0.110087046
frozenset({'High-Waisted'}),frozenset({'Trench Coat'}),0.130916415,0.133937563,0.019133938,0.146153846,1.091208791,0.001599312,1.014307359,0.09617613
frozenset({'High-Waisted'}),frozenset({'Windbreaker'}),0.130916415,0.133937563,0.019133938,0.146153846,1.091208791,0.001599312,1.014307359,0.09617613
frozenset({'Trench Coat'}),frozenset({'High-Waisted'}),0.133937563,0.130916415,0.019133938,0.142857143,1.091208791,0.001599312,1.013930849,0.096511628
frozenset({'Windbreaker'}),frozenset({'High-Waisted'}),0.133937563,0.130916415,0.019133938,0.142857143,1.091208791,0.001599312,1.013930849,0.096511628
frozenset({'Polo'}),frozenset({'Puffer'}),0.119838872,0.130916415,0.017119839,0.142857143,1.091208791,0.001430963,1.013930849,0.094965675
frozenset({'Puffer'}),frozenset({'Polo'}),0.130916415,0.119838872,0.017119839,0.130769231,1.091208791,0.001430963,1.012574749,0.09617613
frozenset({'Cuban Collar'}),frozenset({'Dress'}),0.116817724,0.118831823,0.01510574,0.129310345,1.088179427,0.001224077,1.012034738,0.091752185
frozenset({'Dress'}),frozenset({'Cuban Collar'}),0.118831823,0.116817724,0.01510574,0.127118644,1.088179427,0.001224077,1.011801054,0.091961905
frozenset({'Linen'}),frozenset({'Oxford Cloth'}),0.121852971,0.136958711,0.018126888,0.148760331,1.086169178,0.001438062,1.013864039,0.090341488
frozenset({'Oxford Cloth'}),frozenset({'Linen'}),0.136958711,0.121852971,0.018126888,0.132352941,1.086169178,0.001438062,1.012101661,0.091922728
frozenset({'Cords'}),frozenset({'Chinos'}),0.119838872,0.123867069,0.01611279,0.134453782,1.085468334,0.0012687,1.01223125,0.089459382
frozenset({'Chinos'}),frozenset({'Cords'}),0.123867069,0.119838872,0.01611279,0.130081301,1.085468334,0.0012687,1.011774007,0.08987069
frozenset({'Tracksuit Bottoms'}),frozenset({'Pleated'}),0.12286002,0.135951662,0.018126888,0.147540984,1.085245902,0.001423864,1.013595166,0.089552239
frozenset({'Pleated'}),frozenset({'Tracksuit Bottoms'}),0.135951662,0.12286002,0.018126888,0.133333333,1.085245902,0.001423864,1.012084592,0.090909091
frozenset({'Peacoat'}),frozenset({'Bomber'}),0.121852971,0.145015106,0.019133938,0.157024793,1.082816804,0.001463416,1.014246786,0.087095606
frozenset({'Bomber'}),frozenset({'Peacoat'}),0.145015106,0.121852971,0.019133938,0.131944444,1.082816804,0.001463416,1.011625378,0.089455086
frozenset({'Windbreaker'}),frozenset({'Drawstring'}),0.133937563,0.13897281,0.020140987,0.15037594,1.082052958,0.001527307,1.013421383,0.08755814
frozenset({'Drawstring'}),frozenset({'Windbreaker'}),0.13897281,0.133937563,0.020140987,0.144927536,1.082052958,0.001527307,1.012852681,0.088070175
frozenset({'Linen'}),frozenset({'Cardigan'}),0.121852971,0.129909366,0.017119839,0.140495868,1.081491447,0.001289997,1.012316988,0.0858068
frozenset({'Cardigan'}),frozenset({'Linen'}),0.129909366,0.121852971,0.017119839,0.131782946,1.081491447,0.001289997,1.011437203,0.086601307
frozenset({'Cords'}),frozenset({'Relaxed Leg'}),0.119838872,0.139979859,0.018126888,0.151260504,1.080587631,0.00135186,1.013291057,0.084731757
frozenset({'Relaxed Leg'}),frozenset({'Cords'}),0.139979859,0.119838872,0.018126888,0.129496403,1.080587631,0.00135186,1.011094188,0.086716107
frozenset({'Coach'}),frozenset({'Denim'}),0.128902316,0.238670695,0.033232628,0.2578125,1.080201741,0.002467423,1.025791064,0.085233841
frozenset({'Denim'}),frozenset({'Coach'}),0.238670695,0.128902316,0.033232628,0.139240506,1.080201741,0.002467423,1.012010544,0.097522848
frozenset({'Polo'}),frozenset({'Casual Slim Fit'}),0.119838872,0.148036254,0.019133938,0.159663866,1.078545704,0.00139344,1.013836858,0.082741178
frozenset({'Casual Slim Fit'}),frozenset({'Polo'}),0.148036254,0.119838872,0.019133938,0.129251701,1.078545704,0.00139344,1.010810045,0.085479657
frozenset({'Cords'}),frozenset({'Cropped'}),0.119838872,0.124874119,0.01611279,0.134453782,1.076714557,0.001148016,1.011067766,0.080949657
frozenset({'Cropped'}),frozenset({'Cords'}),0.124874119,0.119838872,0.01611279,0.129032258,1.076714557,0.001148016,1.010555369,0.08141542
frozenset({'Cargo Pants'}),frozenset({'Puffer'}),0.128902316,0.130916415,0.018126888,0.140625,1.074158654,0.001251459,1.011297263,0.079254978
frozenset({'Puffer'}),frozenset({'Cargo Pants'}),0.130916415,0.128902316,0.018126888,0.138461538,1.074158654,0.001251459,1.011095526,0.079438651
frozenset({'Linen'}),frozenset({'High-Waisted'}),0.121852971,0.130916415,0.017119839,0.140495868,1.073172282,0.001167285,1.011145325,0.07764436
frozenset({'Leather'}),frozenset({'Puffer'}),0.121852971,0.130916415,0.017119839,0.140495868,1.073172282,0.001167285,1.011145325,0.07764436
frozenset({'High-Waisted'}),frozenset({'Linen'}),0.130916415,0.121852971,0.017119839,0.130769231,1.073172282,0.001167285,1.010257644,0.078454093
frozenset({'Puffer'}),frozenset({'Leather'}),0.130916415,0.121852971,0.017119839,0.130769231,1.073172282,0.001167285,1.010257644,0.078454093
frozenset({'Flannel'}),frozenset({'Bomber'}),0.135951662,0.145015106,0.021148036,0.155555556,1.072685185,0.001432992,1.012482112,0.078421578
frozenset({'Bomber'}),frozenset({'Flannel'}),0.145015106,0.135951662,0.021148036,0.145833333,1.072685185,0.001432992,1.011568786,0.079252903
frozenset({'Chinos'}),frozenset({'Coach'}),0.123867069,0.128902316,0.017119839,0.138211382,1.072217988,0.001153087,1.010802029,0.076876268
frozenset({'Coach'}),frozenset({'Chinos'}),0.128902316,0.123867069,0.017119839,0.1328125,1.072217988,0.001153087,1.010315451,0.077320639
frozenset({'Trench Coat'}),frozenset({'Denim'}),0.133937563,0.238670695,0.034239678,0.255639098,1.07109546,0.002272707,1.022795935,0.076641587
frozenset({'Denim'}),frozenset({'Trench Coat'}),0.238670695,0.133937563,0.034239678,0.143459916,1.07109546,0.002272707,1.011117229,0.087184874
frozenset({'Cuban Collar'}),frozenset({'Camp Collared'}),0.116817724,0.136958711,0.017119839,0.146551724,1.070043103,0.001120634,1.011240298,0.074116306
frozenset({'Camp Collared'}),frozenset({'Cuban Collar'}),0.136958711,0.116817724,0.017119839,0.125,1.070043103,0.001120634,1.009351172,0.075845974
frozenset({'Puffer'}),frozenset({'Henley'}),0.130916415,0.144008056,0.020140987,0.153846154,1.068316299,0.001287968,1.011626842,0.073580533
frozenset({'Henley'}),frozenset({'Puffer'}),0.144008056,0.130916415,0.020140987,0.13986014,1.068316299,0.001287968,1.010397989,0.074705882
frozenset({'Cropped'}),frozenset({'Pleated'}),0.124874119,0.135951662,0.018126888,0.14516129,1.067741935,0.001150044,1.010773528,0.072497123
frozenset({'Pleated'}),frozenset({'Cropped'}),0.135951662,0.124874119,0.018126888,0.133333333,1.067741935,0.001150044,1.009760632,0.073426573
frozenset({'Pullover'}),frozenset({'Shearling'}),0.134944612,0.139979859,0.020140987,0.149253731,1.066251476,0.001251459,1.010900867,0.071827707
frozenset({'Shearling'}),frozenset({'Pullover'}),0.139979859,0.134944612,0.020140987,0.143884892,1.066251476,0.001251459,1.010442848,0.072248244
frozenset({'Joggers'}),frozenset({'Denim'}),0.151057402,0.238670695,0.038267875,0.253333333,1.061434599,0.0022149,1.019637462,0.068177561
frozenset({'Denim'}),frozenset({'Joggers'}),0.238670695,0.151057402,0.038267875,0.160337553,1.061434599,0.0022149,1.01105224,0.076023392
frozenset({'Cuban Collar'}),frozenset({'Leather'}),0.116817724,0.121852971,0.01510574,0.129310345,1.061199772,0.000871153,1.008564905,0.065298366
frozenset({'Leather'}),frozenset({'Cuban Collar'}),0.121852971,0.116817724,0.01510574,0.123966942,1.061199772,0.000871153,1.0081609,0.065672783
frozenset({'Cargo Pants'}),frozenset({'Relaxed Leg'}),0.128902316,0.139979859,0.019133938,0.1484375,1.060420414,0.00109021,1.009931909,0.065409188
frozenset({'Relaxed Leg'}),frozenset({'Cargo Pants'}),0.139979859,0.128902316,0.019133938,0.136690647,1.060420414,0.00109021,1.009021484,0.066251695
frozenset({'Dress'}),frozenset({'Pleated'}),0.118831823,0.135951662,0.017119839,0.144067797,1.059698682,0.000964455,1.009482217,0.063932773
frozenset({'Pleated'}),frozenset({'Dress'}),0.135951662,0.118831823,0.017119839,0.125925926,1.059698682,0.000964455,1.008116135,0.065199506
frozenset({'Linen'}),frozenset({'Cropped'}),0.121852971,0.124874119,0.01611279,0.132231405,1.058917622,0.000896507,1.008478396,0.063360092
frozenset({'Cropped'}),frozenset({'Linen'}),0.124874119,0.121852971,0.01611279,0.129032258,1.058917622,0.000896507,1.008242885,0.063578826
frozenset({'Chambray'}),frozenset({'Flannel'}),0.132930514,0.135951662,0.019133938,0.143939394,1.058754209,0.001061813,1.009330802,0.064001467
frozenset({'Flannel'}),frozenset({'Chambray'}),0.135951662,0.132930514,0.019133938,0.140740741,1.058754209,0.001061813,1.009089488,0.064225248
frozenset({'Trench Coat'}),frozenset({'Pullover'}),0.133937563,0.134944612,0.019133938,0.142857143,1.058635394,0.001059785,1.009231286,0.063953488
frozenset({'Pullover'}),frozenset({'Trench Coat'}),0.134944612,0.133937563,0.019133938,0.141791045,1.058635394,0.001059785,1.009151014,0.064027939
frozenset({'Oxford Cloth'}),frozenset({'Drawstring'}),0.136958711,0.13897281,0.020140987,0.147058824,1.058184143,0.00110745,1.009480154,0.063710618
frozenset({'Drawstring'}),frozenset({'Oxford Cloth'}),0.13897281,0.136958711,0.020140987,0.144927536,1.058184143,0.00110745,1.009319474,0.063859649
frozenset({'Coach'}),frozenset({'Casual Slim Fit'}),0.128902316,0.148036254,0.020140987,0.15625,1.055484694,0.001058771,1.00973481,0.060346821
frozenset({'Casual Slim Fit'}),frozenset({'Coach'}),0.148036254,0.128902316,0.020140987,0.136054422,1.055484694,0.001058771,1.008278421,0.061702128
frozenset({'Mandarin Collar'}),frozenset({'Drawstring'}),0.116817724,0.13897281,0.017119839,0.146551724,1.054535232,0.000885352,1.008880344,0.058555235
frozenset({'Drawstring'}),frozenset({'Mandarin Collar'}),0.13897281,0.116817724,0.017119839,0.123188406,1.054535232,0.000885352,1.007265736,0.06006192
frozenset({'Henley'}),frozenset({'Slim-Fit'}),0.144008056,0.146022155,0.022155086,0.153846154,1.053580902,0.001126719,1.009246544,0.059411765
frozenset({'Slim-Fit'}),frozenset({'Henley'}),0.146022155,0.144008056,0.022155086,0.151724138,1.053580902,0.001126719,1.009096194,0.059551887
frozenset({'Cuban Collar'}),frozenset({'Puffer'}),0.116817724,0.130916415,0.01611279,0.137931034,1.053580902,0.000819432,1.008136959,0.057582668
frozenset({'Puffer'}),frozenset({'Cuban Collar'}),0.130916415,0.116817724,0.01611279,0.123076923,1.053580902,0.000819432,1.007137683,0.058516802
frozenset({'Chinos'}),frozenset({'Drawstring'}),0.123867069,0.13897281,0.018126888,0.146341463,1.053022269,0.000912734,1.008631852,0.057471264
frozenset({'Drawstring'}),frozenset({'Chinos'}),0.13897281,0.123867069,0.018126888,0.130434783,1.053022269,0.000912734,1.00755287,0.058479532
frozenset({'Cardigan'}),frozenset({'Shearling'}),0.129909366,0.139979859,0.019133938,0.147286822,1.0522001,0.000949243,1.008569074,0.057017544
frozenset({'Shearling'}),frozenset({'Cardigan'}),0.139979859,0.129909366,0.019133938,0.136690647,1.0522001,0.000949243,1.007854985,0.057685197
frozenset({'Dress'}),frozenset({'Camp Collared'}),0.118831823,0.136958711,0.017119839,0.144067797,1.05190678,0.000844786,1.008305664,0.056
frozenset({'Camp Collared'}),frozenset({'Dress'}),0.136958711,0.118831823,0.017119839,0.125,1.05190678,0.000844786,1.007049345,0.057176196
frozenset({'Parka'}),frozenset({'Camp Collared'}),0.125881168,0.136958711,0.018126888,0.144,1.051411765,0.000886366,1.008225805,0.05593958
frozenset({'Camp Collared'}),frozenset({'Parka'}),0.136958711,0.125881168,0.018126888,0.132352941,1.051411765,0.000886366,1.007458993,0.056657591
frozenset({'Chambray'}),frozenset({'Oxford Cloth'}),0.132930514,0.136958711,0.019133938,0.143939394,1.050969251,0.000927946,1.008154426,0.055932514
frozenset({'Oxford Cloth'}),frozenset({'Chambray'}),0.136958711,0.132930514,0.019133938,0.139705882,1.050969251,0.000927946,1.007875642,0.056193576
frozenset({'Flannel'}),frozenset({'Casual Slim Fit'}),0.135951662,0.148036254,0.021148036,0.155555556,1.050793651,0.001022262,1.008904436,0.055944056
frozenset({'Casual Slim Fit'}),frozenset({'Flannel'}),0.148036254,0.135951662,0.021148036,0.142857143,1.050793651,0.001022262,1.008056395,0.056737589
frozenset({'Polo'}),frozenset({'Flannel'}),0.119838872,0.135951662,0.017119839,0.142857143,1.050793651,0.000827545,1.008056395,0.054919908
frozenset({'Flannel'}),frozenset({'Polo'}),0.135951662,0.119838872,0.017119839,0.125925926,1.050793651,0.000827545,1.006964002,0.055944056
frozenset({'Cropped'}),frozenset({'Drawstring'}),0.124874119,0.13897281,0.018126888,0.14516129,1.044530154,0.000772781,1.007239355,0.048714998
frozenset({'Drawstring'}),frozenset({'Cropped'}),0.13897281,0.124874119,0.018126888,0.130434783,1.044530154,0.000772781,1.006394763,0.049512671
frozenset({'Chinos'}),frozenset({'Casual Slim Fit'}),0.123867069,0.148036254,0.019133938,0.154471545,1.043471047,0.000797121,1.007610969,0.047549909
frozenset({'Casual Slim Fit'}),frozenset({'Chinos'}),0.148036254,0.123867069,0.019133938,0.129251701,1.043471047,0.000797121,1.006183912,0.048898843
frozenset({'Windbreaker'}),frozenset({'Camp Collared'}),0.133937563,0.136958711,0.019133938,0.142857143,1.043067227,0.000790022,1.006881504,0.047674419
frozenset({'Camp Collared'}),frozenset({'Windbreaker'}),0.136958711,0.133937563,0.019133938,0.139705882,1.043067227,0.000790022,1.006705055,0.047841307
frozenset({'Polo'}),frozenset({'Coach'}),0.119838872,0.128902316,0.01611279,0.134453782,1.043067227,0.000665281,1.006413829,0.046910755
frozenset({'Coach'}),frozenset({'Polo'}),0.128902316,0.119838872,0.01611279,0.125,1.043067227,0.000665281,1.005898432,0.047398844
frozenset({'Pullover'}),frozenset({'Pleated'}),0.134944612,0.135951662,0.019133938,0.141791045,1.042951907,0.000787993,1.006804151,0.047607377
frozenset({'Pleated'}),frozenset({'Pullover'}),0.135951662,0.134944612,0.019133938,0.140740741,1.042951907,0.000787993,1.006745494,0.047662863
frozenset({'Drawstring'}),frozenset({'Slim-Fit'}),0.13897281,0.146022155,0.021148036,0.152173913,1.042128936,0.000854927,1.00725592,0.04695071
frozenset({'Slim-Fit'}),frozenset({'Drawstring'}),0.146022155,0.13897281,0.021148036,0.144827586,1.042128936,0.000854927,1.006846311,0.047338275
frozenset({'Peacoat'}),frozenset({'Pullover'}),0.121852971,0.134944612,0.017119839,0.140495868,1.041137289,0.000676437,1.006458672,0.044994603
frozenset({'Pullover'}),frozenset({'Peacoat'}),0.134944612,0.121852971,0.017119839,0.126865672,1.041137289,0.000676437,1.005741042,0.045675546
frozenset({'Cardigan'}),frozenset({'Denim'}),0.129909366,0.238670695,0.032225579,0.248062016,1.039348445,0.001220021,1.012489488,0.043511285
frozenset({'Denim'}),frozenset({'Cardigan'}),0.238670695,0.129909366,0.032225579,0.135021097,1.039348445,0.001220021,1.00590966,0.049727183
frozenset({'High-Waisted'}),frozenset({'Casual Slim Fit'}),0.130916415,0.148036254,0.020140987,0.153846154,1.039246468,0.000760611,1.006866246,0.043453071
frozenset({'Casual Slim Fit'}),frozenset({'High-Waisted'}),0.148036254,0.130916415,0.020140987,0.136054422,1.039246468,0.000760611,1.005947142,0.044326241
frozenset({'Mandarin Collar'}),frozenset({'Chambray'}),0.116817724,0.132930514,0.01611279,0.137931034,1.037617555,0.000584149,1.005800604,0.041049031
frozenset({'Chambray'}),frozenset({'Mandarin Collar'}),0.132930514,0.116817724,0.01611279,0.121212121,1.037617555,0.000584149,1.005000521,0.041811847
frozenset({'Pullover'}),frozenset({'Joggers'}),0.134944612,0.151057402,0.021148036,0.156716418,1.037462687,0.000763654,1.006710692,0.04174289
frozenset({'Joggers'}),frozenset({'Pullover'}),0.151057402,0.134944612,0.021148036,0.14,1.037462687,0.000763654,1.005878358,0.042535164
frozenset({'Pullover'}),frozenset({'Henley'}),0.134944612,0.144008056,0.020140987,0.149253731,1.03642626,0.000707876,1.006165969,0.040628638
frozenset({'Henley'}),frozenset({'Pullover'}),0.144008056,0.134944612,0.020140987,0.13986014,1.03642626,0.000707876,1.0057148,0.041058824
frozenset({'Chambray'}),frozenset({'Drawstring'}),0.132930514,0.13897281,0.019133938,0.143939394,1.035737813,0.000660211,1.005801674,0.039794608
frozenset({'Drawstring'}),frozenset({'Chambray'}),0.13897281,0.132930514,0.019133938,0.137681159,1.035737813,0.000660211,1.005509152,0.040073869
frozenset({'Cropped'}),frozenset({'Casual Slim Fit'}),0.124874119,0.148036254,0.019133938,0.153225806,1.035055958,0.000648041,1.006128615,0.038701472
frozenset({'Casual Slim Fit'}),frozenset({'Cropped'}),0.148036254,0.124874119,0.019133938,0.129251701,1.035055958,0.000648041,1.005027379,0.039753639
frozenset({'Cords'}),frozenset({'Peacoat'}),0.119838872,0.121852971,0.01510574,0.12605042,1.034446837,0.000503018,1.004802851,0.037833715
frozenset({'Peacoat'}),frozenset({'Cords'}),0.121852971,0.119838872,0.01510574,0.123966942,1.034446837,0.000503018,1.004712231,0.037920489
frozenset({'Puffer'}),frozenset({'Trench Coat'}),0.130916415,0.133937563,0.018126888,0.138461538,1.03377675,0.000592263,1.005251043,0.037594953
frozenset({'Trench Coat'}),frozenset({'Puffer'}),0.133937563,0.130916415,0.018126888,0.135338346,1.03377675,0.000592263,1.005114059,0.037726098
frozenset({'Chinos'}),frozenset({'Parka'}),0.123867069,0.125881168,0.01611279,0.130081301,1.033365854,0.000520258,1.00482819,0.036853448
frozenset({'Parka'}),frozenset({'Chinos'}),0.125881168,0.123867069,0.01611279,0.128,1.033365854,0.000520258,1.004739599,0.036938364
frozenset({'Peacoat'}),frozenset({'Henley'}),0.121852971,0.144008056,0.018126888,0.148760331,1.033000058,0.000579079,1.005582769,0.036378695
frozenset({'Henley'}),frozenset({'Peacoat'}),0.144008056,0.121852971,0.018126888,0.125874126,1.033000058,0.000579079,1.004600201,0.037320261
frozenset({'Chinos'}),frozenset({'Trench Coat'}),0.123867069,0.133937563,0.017119839,0.138211382,1.031909041,0.000529385,1.004959243,0.035294118
frozenset({'Trench Coat'}),frozenset({'Chinos'}),0.133937563,0.123867069,0.017119839,0.127819549,1.031909041,0.000529385,1.004531722,0.035704514
frozenset({'Pullover'}),frozenset({'Denim'}),0.134944612,0.238670695,0.033232628,0.246268657,1.031834498,0.001025304,1.010080464,0.03566515
frozenset({'Denim'}),frozenset({'Pullover'}),0.238670695,0.134944612,0.033232628,0.139240506,1.031834498,0.001025304,1.004990818,0.040524291
frozenset({'Tracksuit Bottoms'}),frozenset({'Denim'}),0.12286002,0.238670695,0.03021148,0.245901639,1.030296742,0.000888394,1.009588861,0.033524684
frozenset({'Denim'}),frozenset({'Tracksuit Bottoms'}),0.238670695,0.12286002,0.03021148,0.126582278,1.030296742,0.000888394,1.004261716,0.038624339
frozenset({'Windbreaker'}),frozenset({'Slim-Fit'}),0.133937563,0.146022155,0.020140987,0.15037594,1.029815919,0.000583135,1.005124366,0.033430233
frozenset({'Slim-Fit'}),frozenset({'Windbreaker'}),0.146022155,0.133937563,0.020140987,0.137931034,1.029815919,0.000583135,1.004632427,0.033903302
frozenset({'Flannel'}),frozenset({'Oxford Cloth'}),0.135951662,0.136958711,0.019133938,0.140740741,1.027614379,0.000514173,1.0044015,0.031100478
frozenset({'Oxford Cloth'}),frozenset({'Flannel'}),0.136958711,0.135951662,0.019133938,0.139705882,1.027614379,0.000514173,1.00436388,0.031136768
frozenset({'Mandarin Collar'}),frozenset({'Joggers'}),0.116817724,0.151057402,0.018126888,0.155172414,1.027241379,0.000480706,1.004870831,0.030026606
frozenset({'Joggers'}),frozenset({'Mandarin Collar'}),0.151057402,0.116817724,0.018126888,0.12,1.027241379,0.000480706,1.003616223,0.031237643
frozenset({'Polo'}),frozenset({'High-Waisted'}),0.119838872,0.130916415,0.01611279,0.134453782,1.027020039,0.000423914,1.00408686,0.029891304
frozenset({'High-Waisted'}),frozenset({'Polo'}),0.130916415,0.119838872,0.01611279,0.123076923,1.027020039,0.000423914,1.003692514,0.030272306
frozenset({'Coach'}),frozenset({'Oxford Cloth'}),0.128902316,0.136958711,0.018126888,0.140625,1.026769301,0.000472593,1.004266227,0.029929351
frozenset({'Oxford Cloth'}),frozenset({'Coach'}),0.136958711,0.128902316,0.018126888,0.132352941,1.026769301,0.000472593,1.003976991,0.030208738
frozenset({'Cardigan'}),frozenset({'Pleated'}),0.129909366,0.135951662,0.018126888,0.139534884,1.026356589,0.000465494,1.004164285,0.029513889
frozenset({'Pleated'}),frozenset({'Cardigan'}),0.135951662,0.129909366,0.018126888,0.133333333,1.026356589,0.000465494,1.003950732,0.02972028
frozenset({'Puffer'}),frozenset({'Pullover'}),0.130916415,0.134944612,0.018126888,0.138461538,1.026061998,0.000460423,1.004082146,0.029226213
frozenset({'Pullover'}),frozenset({'Puffer'}),0.134944612,0.130916415,0.018126888,0.134328358,1.026061998,0.000460423,1.003941383,0.029362308
frozenset({'Peacoat'}),frozenset({'Cargo Pants'}),0.121852971,0.128902316,0.01611279,0.132231405,1.025826446,0.000405659,1.003836378,0.028669725
frozenset({'Leather'}),frozenset({'Coach'}),0.121852971,0.128902316,0.01611279,0.132231405,1.025826446,0.000405659,1.003836378,0.028669725
frozenset({'Cargo Pants'}),frozenset({'Peacoat'}),0.128902316,0.121852971,0.01611279,0.125,1.025826446,0.000405659,1.003596605,0.028901734
frozenset({'Coach'}),frozenset({'Leather'}),0.128902316,0.121852971,0.01611279,0.125,1.025826446,0.000405659,1.003596605,0.028901734
frozenset({'Parka'}),frozenset({'Chambray'}),0.125881168,0.132930514,0.017119839,0.136,1.023090909,0.000386391,1.003552646,0.025820005
frozenset({'Chambray'}),frozenset({'Parka'}),0.132930514,0.125881168,0.017119839,0.128787879,1.023090909,0.000386391,1.003336398,0.026029924
frozenset({'Coach'}),frozenset({'Cardigan'}),0.128902316,0.129909366,0.017119839,0.1328125,1.022347384,0.000374221,1.003347759,0.025093506
frozenset({'Cardigan'}),frozenset({'Coach'}),0.129909366,0.128902316,0.017119839,0.131782946,1.022347384,0.000374221,1.003317868,0.025122549
frozenset({'Cuban Collar'}),frozenset({'Pullover'}),0.116817724,0.134944612,0.01611279,0.137931034,1.022130726,0.000348867,1.00346425,0.024515393
frozenset({'Pullover'}),frozenset({'Cuban Collar'}),0.134944612,0.116817724,0.01611279,0.119402985,1.022130726,0.000348867,1.002935805,0.025029104
frozenset({'Leather'}),frozenset({'Slim-Fit'}),0.121852971,0.146022155,0.018126888,0.148760331,1.018751781,0.000333655,1.003216692,0.020960754
frozenset({'Slim-Fit'}),frozenset({'Leather'}),0.146022155,0.121852971,0.018126888,0.124137931,1.018751781,0.000333655,1.002608813,0.021553983
frozenset({'High-Waisted'}),frozenset({'Pleated'}),0.130916415,0.135951662,0.018126888,0.138461538,1.018461538,0.000328584,1.00291325,0.020857474
frozenset({'Pleated'}),frozenset({'High-Waisted'}),0.135951662,0.130916415,0.018126888,0.133333333,1.018461538,0.000328584,1.002788752,0.020979021
frozenset({'Chambray'}),frozenset({'Trench Coat'}),0.132930514,0.133937563,0.018126888,0.136363636,1.018113465,0.000322499,1.002809138,0.020518777
frozenset({'Chambray'}),frozenset({'Windbreaker'}),0.132930514,0.133937563,0.018126888,0.136363636,1.018113465,0.000322499,1.002809138,0.020518777
frozenset({'Trench Coat'}),frozenset({'Chambray'}),0.133937563,0.132930514,0.018126888,0.135338346,1.018113465,0.000322499,1.00278471,0.020542636
frozenset({'Windbreaker'}),frozenset({'Chambray'}),0.133937563,0.132930514,0.018126888,0.135338346,1.018113465,0.000322499,1.00278471,0.020542636
frozenset({'Trench Coat'}),frozenset({'Casual Slim Fit'}),0.133937563,0.148036254,0.020140987,0.15037594,1.015804818,0.000313372,1.00275379,0.017965116
frozenset({'Casual Slim Fit'}),frozenset({'Trench Coat'}),0.148036254,0.133937563,0.020140987,0.136054422,1.015804818,0.000313372,1.002450222,0.018262411
frozenset({'Cardigan'}),frozenset({'Bomber'}),0.129909366,0.145015106,0.019133938,0.147286822,1.015665375,0.000295117,1.002664103,0.017726608
frozenset({'Bomber'}),frozenset({'Cardigan'}),0.145015106,0.129909366,0.019133938,0.131944444,1.015665375,0.000295117,1.002344411,0.018039799
frozenset({'Cuban Collar'}),frozenset({'Wool'}),0.116817724,0.118831823,0.014098691,0.120689655,1.015634132,0.000217028,1.002112829,0.017429549
frozenset({'Mandarin Collar'}),frozenset({'Dress'}),0.116817724,0.118831823,0.014098691,0.120689655,1.015634132,0.000217028,1.002112829,0.017429549
frozenset({'Wool'}),frozenset({'Cuban Collar'}),0.118831823,0.116817724,0.014098691,0.118644068,1.015634132,0.000217028,1.002072198,0.017469388
frozenset({'Dress'}),frozenset({'Mandarin Collar'}),0.118831823,0.116817724,0.014098691,0.118644068,1.015634132,0.000217028,1.002072198,0.017469388
frozenset({'Parka'}),frozenset({'Trench Coat'}),0.125881168,0.133937563,0.017119839,0.136,1.015398496,0.000259622,1.00238708,0.017348875
frozenset({'Trench Coat'}),frozenset({'Parka'}),0.133937563,0.125881168,0.017119839,0.127819549,1.015398496,0.000259622,1.002222454,0.01751026
frozenset({'Pleated'}),frozenset({'Slim-Fit'}),0.135951662,0.146022155,0.020140987,0.148148148,1.014559387,0.000289032,1.002495731,0.016608392
frozenset({'Slim-Fit'}),frozenset({'Pleated'}),0.146022155,0.135951662,0.020140987,0.137931034,1.014559387,0.000289032,1.002296073,0.016804245
frozenset({'Dress'}),frozenset({'Trench Coat'}),0.118831823,0.133937563,0.01611279,0.13559322,1.012361412,0.000196745,1.001915368,0.013857143
frozenset({'Wool'}),frozenset({'Trench Coat'}),0.118831823,0.133937563,0.01611279,0.13559322,1.012361412,0.000196745,1.001915368,0.013857143
frozenset({'Trench Coat'}),frozenset({'Dress'}),0.133937563,0.118831823,0.01611279,0.120300752,1.012361412,0.000196745,1.001669808,0.014098837
frozenset({'Trench Coat'}),frozenset({'Wool'}),0.133937563,0.118831823,0.01611279,0.120300752,1.012361412,0.000196745,1.001669808,0.014098837
frozenset({'Cargo Pants'}),frozenset({'Drawstring'}),0.128902316,0.13897281,0.018126888,0.140625,1.011888587,0.000212971,1.001922549,0.013487476
frozenset({'Drawstring'}),frozenset({'Cargo Pants'}),0.13897281,0.128902316,0.018126888,0.130434783,1.011888587,0.000212971,1.001762336,0.013645224
frozenset({'Cuban Collar'}),frozenset({'Denim'}),0.116817724,0.238670695,0.028197382,0.24137931,1.011348756,0.000316414,1.003570448,0.012705652
frozenset({'Denim'}),frozenset({'Cuban Collar'}),0.238670695,0.116817724,0.028197382,0.11814346,1.011348756,0.000316414,1.001503346,0.014739229
frozenset({'Chinos'}),frozenset({'Camp Collared'}),0.123867069,0.136958711,0.017119839,0.138211382,1.009146341,0.000155165,1.001453571,0.010344828
frozenset({'Camp Collared'}),frozenset({'Chinos'}),0.136958711,0.123867069,0.017119839,0.125,1.009146341,0.000155165,1.001294778,0.01050175
frozenset({'Leather'}),frozenset({'Tracksuit Bottoms'}),0.121852971,0.12286002,0.01510574,0.123966942,1.009009619,0.000134882,1.001263562,0.010168196
frozenset({'Tracksuit Bottoms'}),frozenset({'Leather'}),0.12286002,0.121852971,0.01510574,0.12295082,1.009009619,0.000134882,1.001251753,0.01017987
frozenset({'Drawstring'}),frozenset({'Joggers'}),0.13897281,0.151057402,0.021148036,0.152173913,1.007391304,0.000155165,1.001316911,0.008521303
frozenset({'Joggers'}),frozenset({'Drawstring'}),0.151057402,0.13897281,0.021148036,0.14,1.007391304,0.000155165,1.001194407,0.008642603
frozenset({'Oxford Cloth'}),frozenset({'Slim-Fit'}),0.136958711,0.146022155,0.020140987,0.147058824,1.007099391,0.000141981,1.001215404,0.008168028
frozenset({'Slim-Fit'}),frozenset({'Oxford Cloth'}),0.146022155,0.136958711,0.020140987,0.137931034,1.007099391,0.000141981,1.001127895,0.008254717
frozenset({'Drawstring'}),frozenset({'Henley'}),0.13897281,0.144008056,0.020140987,0.144927536,1.006384919,0.000127783,1.001075324,0.007368421
frozenset({'Henley'}),frozenset({'Drawstring'}),0.144008056,0.13897281,0.020140987,0.13986014,1.006384919,0.000127783,1.001031612,0.007411765
frozenset({'Chambray'}),frozenset({'Joggers'}),0.132930514,0.151057402,0.020140987,0.151515152,1.003030303,6.08E-05,1.000539491,0.003484321
frozenset({'Joggers'}),frozenset({'Chambray'}),0.151057402,0.132930514,0.020140987,0.133333333,1.003030303,6.08E-05,1.000464792,0.003558719
frozenset({'Windbreaker'}),frozenset({'Pullover'}),0.133937563,0.134944612,0.018126888,0.135338346,1.002917742,5.27E-05,1.000455361,0.003359173
frozenset({'Pullover'}),frozenset({'Windbreaker'}),0.134944612,0.133937563,0.018126888,0.134328358,1.002917742,5.27E-05,1.000451436,0.003363084
frozenset({'Cords'}),frozenset({'Joggers'}),0.119838872,0.151057402,0.018126888,0.151260504,1.001344538,2.43E-05,1.000239299,0.001525553
frozenset({'Joggers'}),frozenset({'Cords'}),0.151057402,0.119838872,0.018126888,0.12,1.001344538,2.43E-05,1.0001831,0.001581653
frozenset({'Cropped'}),frozenset({'Cargo Pants'}),0.124874119,0.128902316,0.01611279,0.129032258,1.001008065,1.62E-05,1.000149192,0.001150748
frozenset({'Cargo Pants'}),frozenset({'Cropped'}),0.128902316,0.124874119,0.01611279,0.125,1.001008065,1.62E-05,1.000143864,0.001156069
